triple_index,kind,subject,relation,object,evidence,verdict,revise_subtype,suggested_subject,suggested_relation,suggested_object,justification,confidence,stage_b_justification,stage_b_confidence,flags
0,relation,Decompressive Craniectomy,has outcome,Outcome,The outcome was captured at six months using the extended Glasgow Outcome Scale (GOSE).,reject,,,,,judge output unparseable; defaulted to reject,0.0,,,parse_error
1,relation,Traumatic Brain Injury,targets condition,Intracranial Pressure (ICP),one of the cornerstones of brain-protective strategies is to reduce and control intracranial pressure (ICP),reject,,,,,judge output unparseable; defaulted to reject,0.0,,,parse_error
2,relation,Intracranial Hypertension,is associated with,Mortality,Uncontrollable intracranial hypertension is a major cause of death in patients with severe traumatic brain injury.,accept_direct,,,,,"Intracranial Hypertension is a major cause of death, directly associating it with Mortality, which is supported by clinical evidence and the preamble's class definitions.",1.0,,,
3,relation,Intracranial Hypertension,targets condition,Decompressive Craniectomy,patients with intracranial hypertension treated conservatively were excluded.,reject,,,,,judge output unparseable; defaulted to reject,0.0,,,parse_error
4,relation,GCS Assessment,assesses,Motor Impairment,The Glasgow Motors Score was used for assessing motor impairment.,reject,,,,,judge output unparseable; defaulted to reject,0.0,,,parse_error
5,relation,Secondary Insult,is associated with,Hypotension,"Hypoxia and arterial hypotension were found in 10.0% and 6.1%, respectively.",reject,,,,,judge output unparseable; defaulted to reject,0.0,,,parse_error
6,relation,Traumatic Brain Injury,has outcome,Outcome,A more extensive description is provided in the Supplementary Appendix.,reject,,,,,judge output unparseable; defaulted to reject,0.0,,,parse_error
7,relation,Traumatic Brain Injury,is treated with,Decompressive Craniectomy,Decompressive craniectomy (DC) as a last-tier intervention,reject,,,,,judge output unparseable; defaulted to reject,0.0,,,parse_error
8,relation,Decompressive Craniectomy,is monitored by,Intracranial Pressure (ICP),Mean intracranial pressure (ICP) pre-Decompressive craniectomy (DC),reject,,,,,judge output unparseable; defaulted to reject,0.0,,,parse_error
9,relation,Intracranial Pressure (ICP),is influenced by,Cerebral Perfusion Pressure (CPP),Mean intracranial pressure (ICP)/Cerebral Perfusion Pressure (CPP),reject,,,,,judge output unparseable; defaulted to reject,0.0,,,parse_error
10,relation,Decompressive Craniectomy,is administered during,Barbiturates,Decompressive craniectomy (DC) + thiopental can be referring to barbiturate administration,reject,,,,,judge output unparseable; defaulted to reject,0.0,,,parse_error
11,relation,Decompressive Craniectomy,assesses,GOSe Outcome,outcome was only evaluated in terms of robust extended Glasgow Outcome Scores,reject,,,,,judge output unparseable; defaulted to reject,0.0,,,parse_error
12,relation,Decompressive Craniectomy,reduces,Mean Intracranial Pressure,it effectively reduces Mean intracranial pressure (ICP),reject,,,,,judge output unparseable; defaulted to reject,0.0,,,parse_error
13,relation,Intracranial Pressure (ICP),has monitoring data,Traumatic Brain Injury,The BESTIntracranial pressure (ICP) monitoring is still considered to provide important information to detect and prevent secondary injury after severe Traumatic brain injury (TBI).,reject,,,,,judge output unparseable; defaulted to reject,0.0,,,parse_error
14,relation,Intracranial Hypertension,isInfluencedBy,Secondary Insult Therapy,"Intracranial pressures above 20 mmHg lasting longer than 37 min in adults, and longer than 8 min in children, are associated with worse outcomes.",reject,,,,,judge output unparseable; defaulted to reject,0.0,,,parse_error
15,relation,Cerebral Perfusion Pressure (CPP),has clinical assessment,Intracranial Hypertension,"When the cerebral perfusion pressure is below 50 mmHg, all intracranial pressure insults, regardless of duration, are associated with worse outcome.",reject,,,,,judge output unparseable; defaulted to reject,0.0,,,parse_error
16,relation,Intracranial Pressure (ICP),has monitoring data,Monitoring Data,The BESTIntracranial pressure (ICP) and mean arterial blood pressure (MAP) monitoring data,reject,,,,,judge output unparseable; defaulted to reject,0.0,,,parse_error
17,relation,Traumatic Brain Injury,has monitoring data,Monitoring Data,"The present study autoregulation is intact, the transition curve shifts to the right.",reject,,,,,judge output unparseable; defaulted to reject,0.0,,,parse_error
18,relation,Traumatic Brain Injury,is associated with,Secondary Brain Injury,"Cerebrovascular pressure autoregulation is often impaired in severe Traumatic brain injury (TBI), and such impairment is such as the relationship between physiological thresholds and outcome.",reject,,,,,judge output unparseable; defaulted to reject,0.0,,,parse_error
19,relation,Cerebral Perfusion Pressure (CPP),assesses,Traumatic Brain Injury,"One would expect such change in recommendation to be followed, and hence to lead to alterations in Cerebral Perfusion Pressure (CPP) policy across centres.",reject,,,,,judge output unparseable; defaulted to reject,0.0,,,parse_error
20,relation,Cerebral Perfusion Pressure (CPP),has monitoring data,Monitoring Data,Cerebral perfusion pressure (CPP 1/4 Blood Pressure (BP)-ICP) monitoring is a good example.,reject,,,,,judge output unparseable; defaulted to reject,0.0,,,parse_error
21,relation,Vasopressors,receives therapy,Cerebral Perfusion Pressure (CPP),the non-beneficial effect of keeping Cerebral Perfusion Pressure (CPP) above 70 mmHg by administering high doses of vasopressors.,reject,,,,,judge output unparseable; defaulted to reject,0.0,,,parse_error
22,relation,Cerebral Perfusion Pressure (CPP),correlates with,Mean Arterial Pressure (MAP),Cerebral Perfusion Pressure (CPP) strongly correlated with Mean Arterial Pressure (MAP).,reject,,,,,judge output unparseable; defaulted to reject,0.0,,,parse_error
23,relation,Cerebral Perfusion Pressure (CPP),receives therapy,Intracranial Pressure (ICP),it is influenced by Intracranial Pressure (ICP) variability,reject,,,,,judge output unparseable; defaulted to reject,0.0,,,parse_error
24,relation,Cerebral Perfusion Pressure (CPP),receives therapy,Mean Arterial Pressure (MAP),Mean Arterial Pressure (MAP) variability including,reject,,,,,judge output unparseable; defaulted to reject,0.0,,,parse_error
25,relation,Cerebral Perfusion Pressure (CPP),associates with,Acute Respiratory Distress Syndrome,acute respiratory distress syndrome (ARDS) reportedly associated with vasopressors,reject,,,,,judge output unparseable; defaulted to reject,0.0,,,parse_error
26,relation,Cerebral Perfusion Pressure (CPP),follows,Guideline,the Brain Trauma Foundation (BTF) guidelines issued this year,reject,,,,,judge output unparseable; defaulted to reject,0.0,,,parse_error
27,relation,Guideline Adherence,affectsOutcome,Traumatic Brain Injury,Guideline adherence and outcomes in severe adult traumatic brain injury,reject,,,,,judge output unparseable; defaulted to reject,0.0,,,parse_error
28,relation,Traumatic Brain Injury,is a risk factor for,Secondary Insult,Traumatically brain injured (TBI) patients are at risk from secondary insults.,reject,,,,,judge output unparseable; defaulted to reject,0.0,,,parse_error
29,relation,Hypotension,is related to,Poor Outcome,"Arterial hypotension, critically low blood pressure, is one of the most dangerous secondary insults and is related to poor outcome in patients.",reject,,,,,judge output unparseable; defaulted to reject,0.0,,,parse_error
30,relation,Hypotension,affects outcome,Traumatic Brain Injury,there is compelling evidence that even 'minute by minute' hypotension events cumulatively can influence patient outcome.,reject,,,,,judge output unparseable; defaulted to reject,0.0,,,parse_error
31,relation,Traumatic Brain Injury,has monitoring data,Hypotension,both systolic and mean arterial pressure should be monitored and considered in the definition of hypotension,reject,,,,,judge output unparseable; defaulted to reject,0.0,,,parse_error
32,relation,Hypotension,is a condition of,Sepsis,"for with the medical management of sepsis, it has been shown that duration of hypotension before initiation",reject,,,,,judge output unparseable; defaulted to reject,0.0,,,parse_error
33,relation,Sepsis,receives therapy,Hypotension,it has been shown that with each hour delay in treatment of hypotension leads to an increase in in-hospital mortality.,reject,,,,,judge output unparseable; defaulted to reject,0.0,,,parse_error
34,relation,Intracranial Pressure (ICP),affects outcome,Hypotension,Impact of Intracranial Pressure (ICP) instability and hypotension on outcome in patients with severe head trauma.,reject,,,,,judge output unparseable; defaulted to reject,0.0,,,parse_error
35,relation,Secondary Insult,worsens,Head Trauma,Measuring the burden of secondary insults in head-injured patients during intensive care.,reject,,,,,judge output unparseable; defaulted to reject,0.0,,,parse_error
36,relation,Decompressive Craniectomy,is associated with,Mean Intracranial Pressure,Decompressive craniectomy (DC) resulted in an absolute reduction in median mean Mean intracranial pressure (ICP) from 19.5 group to 13.9 mmHg.,reject,,,,,judge output unparseable; defaulted to reject,0.0,,,parse_error
37,relation,Decompressive Craniectomy,is associated with,Cerebrovascular Autoregulation,"A control varying effect on Cerebral Perfusion Pressure (CPP) was seen, as well as a trend of reduction in median Pressure Reactivity Index (PRx).",reject,,,,,judge output unparseable; defaulted to reject,0.0,,,parse_error
38,relation,Decompressive Craniectomy,has monitoring data,Monitoring Data,"patient, injury and management variables including physiological monitoring data and administration of thiopental were analysed",reject,,,,,judge output unparseable; defaulted to reject,0.0,,,parse_error
39,relation,Decompressive Craniectomy,is associated with,Intracranial Pressure (ICP),uncontrollable intracranial hypertension is a major cause of death in patients with severe traumatic brain injury.,reject,,,,,judge output unparseable; defaulted to reject,0.0,,,parse_error
40,relation,Decompressive Craniectomy,isAdministeredDuring,Barbiturates,"Decompressive craniectomy (DC) was chosen as a next step, with or without first having applied third-tier medical therapy with barbiturates.",reject,,,,,judge output unparseable; defaulted to reject,0.0,,,parse_error
41,relation,Monitoring,has outcome,Outcome,the outcome was captured at six months using the extended Glasgow Outcome Scale (GOSE).,reject,,,,,judge output unparseable; defaulted to reject,0.0,,,parse_error
42,relation,Patient,has demographic data,Demographic Data,the collection of demographic data from traumatic brain injury (TBI) patients.,reject,,,,,judge output unparseable; defaulted to reject,0.0,,,parse_error
43,relation,Patient,has surgical procedure,Surgical Procedure,the physiological vital functions are extensively monitored.,reject,,,,,judge output unparseable; defaulted to reject,0.0,,,parse_error
44,relation,Patient,has monitoring data,Monitoring Data,"The Brain Monitoring with Information Technology (BrainIT) network provides a more standardised and higher resolution data collection mechanism for research groups, organisations and the device industry to conduct multi-centre trials of new health care technology in patients with traumatic brain injury.",reject,,,,,judge output unparseable; defaulted to reject,0.0,,,parse_error
45,relation,Patient,has clinical assessment,Clinical Assessment,the physiological vital functions are extensively monitored.,accept_direct,,,,,"The Patient class can directly 'has clinical assessment', and 'has clinical assessment' is an explicitly listed valid BrainIT relation.",1.0,,,
46,relation,Patient,has outcome,Outcome,the physiological vital functions are extensively monitored.,reject,,,,,judge output unparseable; defaulted to reject,0.0,,,parse_error
47,relation,Patient,has laboratory value,Laboratory Values,the physiological vital functions are extensively monitored.,reject,,,,,judge output unparseable; defaulted to reject,0.0,,,parse_error
48,relation,Patient,has nursing intervention,Nursing Intervention,"Routine nursing care, physiotherapy, or bedside clinical activities",reject,,,,,judge output unparseable; defaulted to reject,0.0,,,parse_error
49,relation,Patient,hasMonitoringData,Session,a live clinical environment to test the data collection systems.,reject,,,,,judge output unparseable; defaulted to reject,0.0,,,parse_error
50,relation,Session,has timepoint,Timepoint,minute-by-minute physiological data from bedside monitors.,reject,,,,,judge output unparseable; defaulted to reject,0.0,,,parse_error
51,relation,Timepoint,has monitoring data,Observation,minute-by-minute physiological data from bedside monitors.,reject,,,,,judge output unparseable; defaulted to reject,0.0,,,parse_error
52,relation,Observation,measures parameter,Parameter,the physiological vital functions are extensively monitored.,reject,,,,,judge output unparseable; defaulted to reject,0.0,,,parse_error
53,relation,Observation,produced by sensor,Sensor,the physiological vital functions are extensively monitored.,reject,,,,,judge output unparseable; defaulted to reject,0.0,,,parse_error
54,relation,Observation,has quality assessment,Data Quality Assessment,the physiological vital functions are extensively monitored.,reject,,,,,judge output unparseable; defaulted to reject,0.0,,,parse_error
55,relation,Data Quality Assessment,associated with condition,Condition,the physiological vital functions are extensively monitored.,reject,,,,,judge output unparseable; defaulted to reject,0.0,,,parse_error
56,relation,Data Quality Assessment,isAssociatedWith,Therapy,the physiological vital functions are extensively monitored.,reject,,,,,judge output unparseable; defaulted to reject,0.0,,,parse_error
57,relation,Arterial Hypotension,isAssociatedWith,Barbiturates,administration of hyperosmolar molecules were used at the discretion of the managing teams.,reject,,,,,judge output unparseable; defaulted to reject,0.0,,,parse_error
58,relation,Brain Injury,is associated with,Traumatic Brain Injury,Decompressive craniectomy as a second/third-tier intervention in traumatic brain injury,reject,,,,,judge output unparseable; defaulted to reject,0.0,,,parse_error
59,relation,CVP,has monitoring data,Monitoring Data,physiological monitoring data,reject,,,,,judge output unparseable; defaulted to reject,0.0,,,parse_error
60,relation,Clinical Outcome,has outcome,Outcome,demonstrated a decrease in mortality with similar rates of favorable outcome,reject,,,,,judge output unparseable; defaulted to reject,0.0,,,parse_error
61,relation,Cranial Injuries,is a type of,Injuries,the occurrence of arterial hypotension (systolic pressure less than 90 mmHg) and hypoxia (SaO2 below 90%) at baseline,reject,,,,,judge output unparseable; defaulted to reject,0.0,,,parse_error
62,relation,NIBP,is a type of,Monitoring Data,Mean arterial blood pressure (MAP) and Mean intracranial pressure (ICP),reject,,,,,judge output unparseable; defaulted to reject,0.0,,,parse_error
63,relation,Pressure Reactivity Index (PRx),is a type of,Core Monitoring Parameter,Pressure Reactivity Index (PRx) is the moving correlation between mean arterial blood pressure (MAP) and Mean intracranial pressure (ICP).,reject,,,,,judge output unparseable; defaulted to reject,0.0,,,parse_error
64,relation,Hypotension,is treated with,Noradrenaline,the time and dose of a bolus of Noradrenaline,reject,,,,,judge output unparseable; defaulted to reject,0.0,,,parse_error
65,relation,Traumatic Brain Injury,isAdministeredDuring,Osmotics,#2 - Hyperosmolar therapy,reject,,,,,judge output unparseable; defaulted to reject,0.0,,,parse_error
66,relation,Cerebrovascular Autoregulation,receives therapy,Cerebral Perfusion Pressure (CPP),the presence (or not) of cerebral autoregulation,reject,,,,,judge output unparseable; defaulted to reject,0.0,,,parse_error
67,relation,Intracranial Pressure (ICP),isMonitoredBy,Barbiturates,There is a statistically significant (p < 0.001) non-linear effect of Intracranial Pressure (ICP) on Regression model of partial pressure of brain tissue oxygen (PbtO2).,reject,,,,,judge output unparseable; defaulted to reject,0.0,,,parse_error
68,relation,Partial Pressure of Brain Tissue Oxygen,is measured at,Measurement Time,Partial pressure of brain tissue oxygen over intracranial pressure stratified by days in Intensive Care Unit (ICU),reject,,,,,judge output unparseable; defaulted to reject,0.0,,,parse_error
69,relation,Intracranial Pressure (ICP),isMonitoredBy,PbrO2,an overall increase in Regression model of partial pressure of brain tissue oxygen (PbtO2) of 5.2% for a 10 mmHg increase in Intracranial Pressure (ICP),reject,,,,,judge output unparseable; defaulted to reject,0.0,,,parse_error
70,relation,Partial Pressure of Carbon Dioxide,affectsOutcome,PbrO2,a decrease of 0.16% from a unit increase in Mean Arterial Pressure (MAP) and a Regression model of partial pressure of brain tissue oxygen (PbtO2) decrease of 0.16% from a unit increase in PaCO2,reject,,,,,judge output unparseable; defaulted to reject,0.0,,,parse_error
71,relation,Intracranial Pressure (ICP),has outcome,Outcome,median extended Glasgow outcome scale of 7.00,reject,,,,,judge output unparseable; defaulted to reject,0.0,,,parse_error
72,relation,Intracranial Hypertension,receives therapy,Cerebral Perfusion Pressure (CPP),the impact of autoregulation on Regression model of partial pressure of brain tissue oxygen (PbtO2) cannot be directly assessed.,reject,,,,,judge output unparseable; defaulted to reject,0.0,,,parse_error
73,relation,Hypotension,is associated with,Traumatic Brain Injury,guarding against hypotensive conditions in Traumatic Brain Injury (TBI) patients.,reject,,,,,judge output unparseable; defaulted to reject,0.0,,,parse_error
74,relation,Intracranial Hypertension,affectsOutcome,Traumatic Brain Injury,episodes of increased intracranial pressure (ICP) and worse clinical outcomes,reject,,,,,judge output unparseable; defaulted to reject,0.0,,,parse_error
75,relation,Cerebral Perfusion Pressure (CPP),assesses,Intracranial Hypertension,the ability to tolerate elevated intracranial pressures is reduced.,reject,,,,,judge output unparseable; defaulted to reject,0.0,,,parse_error
76,relation,Cerebral Perfusion Pressure (CPP),is associated with,Intracranial Pressure (ICP),Role of Cerebral Perfusion Pressure (CPP),reject,,,,,judge output unparseable; defaulted to reject,0.0,,,parse_error
77,relation,Intracranial Pressure (ICP),associated with condition,Mortality,"when Cerebral Perfusion Pressure (CPP) was below 50 mmHg, almost all The BESTIntracranial pressure (ICP) insults were associated with worse outcome",reject,,,,,judge output unparseable; defaulted to reject,0.0,,,parse_error
78,relation,Mean Arterial Pressure (MAP),triggers intervention,Hypotension,our analysis shows that most events are triggered by a drop in mean arterial pressure.,reject,,,,,judge output unparseable; defaulted to reject,0.0,,,parse_error
79,relation,Hypotension,relates to clinical outcome,Brain Injury,arterial hypotension consistently relate to clinical outcome,reject,,,,,judge output unparseable; defaulted to reject,0.0,,,parse_error
80,relation,Dsg,has monitoring data,Hypotensive,to scan the BrainIT database for hypotensive events;,reject,,,,,judge output unparseable; defaulted to reject,0.0,,,parse_error
81,relation,Cerebral Perfusion Pressure (CPP),calculates,Mean Arterial Pressure (MAP),"which uses cerebral perfusion pressure (CPP), which of course uses Java-Based Software BPm in its calculation.",reject,,,,,judge output unparseable; defaulted to reject,0.0,,,parse_error
82,relation,Intracranial Pressure (ICP),affectsOutcome,Outcome,Impact of Intracranial Pressure (ICP) instability and hypotension on outcome in patients with severe head trauma.,accept_direct,,,,,"Intracranial Pressure (ICP) is a core monitoring parameter whose values directly influence patient outcomes, as supported by clinical evidence.",1.0,,,
83,relation,Cerebral Perfusion Pressure (CPP),is measured by,Mean Arterial Pressure (MAP),its role in calculating Cerebral Perfusion Pressure (CPP),reject,,,,,judge output unparseable; defaulted to reject,0.0,,,parse_error
84,relation,Treatment Data,informs,Clinical Practice,Accurate and comprehensive treatment data,reject,,,,,judge output unparseable; defaulted to reject,0.0,,,parse_error
85,relation,Clinical Reminders,enhances,Guideline Adherence,clinical reminders (automated interventions),accept_direct,,,,,"Clinical Reminders are automated interventions specifically designed to assist clinicians in adhering to guidelines, thus directly enhancing Guideline Adherence.",1.0,,,
86,relation,Guideline Adherence,has outcome,Outcome,Several studies have been conducted that show dropping mortality rates and improved long-term outcomes since the adoption and spread of use of these guidelines.,reject,,,,,judge output unparseable; defaulted to reject,0.0,,,parse_error
87,relation,Guideline Adherence,isMonitoredBy,Clinical Practice,"This work attempts to leverage those advantages by providing a 'near real-time' ability to monitor clinical guideline adherence, as well as providing measurable quantitative feedback.",reject,,,,,judge output unparseable; defaulted to reject,0.0,,,parse_error
88,relation,Heart Rate,has monitoring data,Monitoring Data,Heart Rate (specifying source: Electrocardiogram (ECG) or Pulse Oximetry),reject,,,,,judge output unparseable; defaulted to reject,0.0,,,parse_error
89,relation,Respiration Rate,has monitoring data,Impedance Plethmography,Respiration Rate (sources: impedance plethmography or ventilator),reject,,,,,judge output unparseable; defaulted to reject,0.0,,,parse_error
90,relation,Respiration Rate,has monitoring data,Ventilator,Respiration Rate (sources: impedance plethmography or ventilator),reject,,,,,judge output unparseable; defaulted to reject,0.0,,,parse_error
91,relation,Mean Arterial Pressure (MAP),has monitoring data,Monitoring Data,Mean Arterial Pressure,reject,,,,,judge output unparseable; defaulted to reject,0.0,,,parse_error
92,relation,SaO2,has monitoring data,Monitoring Data,Pulse Oximetry (SaO2),reject,,,,,judge output unparseable; defaulted to reject,0.0,,,parse_error
93,relation,Temperature,has monitoring data,Monitoring Data,Temperature (sources: rectal=oesophageal= bladder=skin),reject,,,,,judge output unparseable; defaulted to reject,0.0,,,parse_error
94,relation,EtCO2,has monitoring data,Monitoring Data,End-Tidal CO2 (EtCO2),reject,,,,,judge output unparseable; defaulted to reject,0.0,,,parse_error
95,relation,Jugular Venous Oxygen Saturation,has monitoring data,Monitoring Data,Jugular Venous Oxygen Saturation (SjO2),reject,,,,,judge output unparseable; defaulted to reject,0.0,,,parse_error
96,relation,Transcranial Doppler,has monitoring data,Monitoring Data,Transcranial Doppler (TCD),reject,,,,,judge output unparseable; defaulted to reject,0.0,,,parse_error
97,relation,GCS Assessment,has monitoring data,Monitoring Data,Glasgow Coma Scale (GCS) scores,reject,,,,,judge output unparseable; defaulted to reject,0.0,,,parse_error
98,relation,Hypotension,targets condition,Vasopressors,arterial pressors may be given to treat systemic hypotension,reject,,,,,judge output unparseable; defaulted to reject,0.0,,,parse_error
99,relation,Intracranial Pressure (ICP),isARiskFactorFor,Vasopressors,to treat reduced cerebral perfusion pressure (CPP) secondary to raised Intracranial Pressure (ICP),reject,,,,,judge output unparseable; defaulted to reject,0.0,,,parse_error
100,relation,Cerebral Perfusion Pressure (CPP),receives therapy,Respiratory Distress Syndrome,"aggressive management of Cerebral Perfusion Pressure (CPP) > 70 mmHg, although reducing the incidence of jugular venous desaturations < 50%, increased the incidence of acute respiratory distress syndrome and worsened neurological outcome.",reject,,,,,judge output unparseable; defaulted to reject,0.0,,,parse_error
101,relation,Brain Injury,has monitoring data,Monitoring Data,"collection of admission, monitoring, treatment and outcome data from patients with brain injury.",reject,,,,,judge output unparseable; defaulted to reject,0.0,,,parse_error
102,relation,Brain Injury,has outcome,Outcome Data,"collection of admission, monitoring, treatment and outcome data from patients with brain injury.",reject,,,,,judge output unparseable; defaulted to reject,0.0,,,parse_error
103,relation,Brain Injury,receivesTherapy,Baseline Therapy,"aid health authorities to monitor, maintain and raise intra and trans-national standards in the management of patients with brain injury.",reject,,,,,judge output unparseable; defaulted to reject,0.0,,,parse_error
104,relation,Patient,has monitoring data,Observation,pd:Patient as a ssn:FeatureOfInterest,reject,,,,,judge output unparseable; defaulted to reject,0.0,,,parse_error
105,relation,Timepoint,is associated with,Reading,Each Timepoint is associated with a set of Readings,reject,,,,,judge output unparseable; defaulted to reject,0.0,,,parse_error
106,relation,Sensor,produced by sensor,Reading,the machines/sensors that produced them,reject,,,,,judge output unparseable; defaulted to reject,0.0,,,parse_error
107,relation,Sepsis,is associated with,Outcome Data,Improving the standards and resolution for multicentre data collection will also impact upon the assessment of new medical technology of relevance to the medical device industry.,reject,,,,,judge output unparseable; defaulted to reject,0.0,,,parse_error
108,relation,Arterial Pressors,targets condition,Arterial Hypotension,targets condition(Hypotension → Vasopressors),reject,,,,,judge output unparseable; defaulted to reject,0.0,,,parse_error
109,relation,Clinical Research Form,has clinical assessment,Clinical Assessment,has clinical assessment(Patient → Clinical Assessment),reject,,,,,judge output unparseable; defaulted to reject,0.0,,,parse_error
110,relation,End-tidal Carbon Dioxide,has monitoring data,Monitoring Data,has monitoring data(EtCO2 → Monitoring Data),reject,,,,,judge output unparseable; defaulted to reject,0.0,,,parse_error
111,relation,Error,is associated with,Monitoring Data,monitoring indicates condition(Monitoring Data → Condition),reject,,,,,judge output unparseable; defaulted to reject,0.0,,,parse_error
112,relation,Injuries,affectsOutcome,Outcome Data,has outcome(Brain Injury → Outcome Data),reject,,,,,judge output unparseable; defaulted to reject,0.0,,,parse_error
113,relation,NIBP,has monitoring data,Monitoring Data,has monitoring data(Mean Arterial Pressure → Monitoring Data),reject,,,,,judge output unparseable; defaulted to reject,0.0,,,parse_error
114,relation,Provenance,has monitoring data,Monitoring Data,has monitoring data(Patient → Monitoring Data),reject,,,,,judge output unparseable; defaulted to reject,0.0,,,parse_error
115,relation,Adverse Event,is associated with,Clinical Outcome,[inferred] cluster completion,reject,,,,,judge output unparseable; defaulted to reject,0.0,,,parse_error
116,relation,Clinical Outcome,is influenced by,Patient Interventions,[inferred] cluster completion,reject,,,,,judge output unparseable; defaulted to reject,0.0,,,parse_error
117,relation,Clinical Outcome,hasOutcome,Outcome Data,[inferred] cluster completion,reject,,,,,judge output unparseable; defaulted to reject,0.0,,,parse_error
118,relation,Clinical Practice,is influenced by,Clinical Reminders,[inferred] cluster completion,reject,,,,,judge output unparseable; defaulted to reject,0.0,,,parse_error
119,relation,Clinical Reminders,triggers intervention,Patient Interventions,[inferred] cluster completion,reject,,,,,judge output unparseable; defaulted to reject,0.0,,,parse_error
120,relation,Data Quality Assessment,assesses,Monitoring Data,[inferred] cluster completion,reject,,,,,judge output unparseable; defaulted to reject,0.0,,,parse_error
121,relation,Injuries,is a risk factor for,Adverse Event,[inferred] cluster completion,reject,,,,,judge output unparseable; defaulted to reject,0.0,,,parse_error
122,relation,Monitoring Data,is monitored by,Core Monitoring Parameter,[inferred] cluster completion,reject,,,,,judge output unparseable; defaulted to reject,0.0,,,parse_error
123,relation,Monitoring Data,produced by sensor,Sensor,[inferred] cluster completion,reject,,,,,judge output unparseable; defaulted to reject,0.0,,,parse_error
124,relation,Outcome,is related to,Clinical Outcome,[inferred] cluster completion,reject,,,,,judge output unparseable; defaulted to reject,0.0,,,parse_error
125,relation,Outcome Data,is associated with,Clinical Outcome,[inferred] cluster completion,reject,,,,,judge output unparseable; defaulted to reject,0.0,,,parse_error
126,relation,Physiological Data,is monitored by,Core Monitoring Parameter,[inferred] cluster completion,reject,,,,,judge output unparseable; defaulted to reject,0.0,,,parse_error
127,relation,Probable Error,is a type of,Error,[inferred] cluster completion,reject,,,,,judge output unparseable; defaulted to reject,0.0,,,parse_error
128,relation,Provenance,is associated with,Monitoring Data,[inferred] cluster completion,reject,,,,,judge output unparseable; defaulted to reject,0.0,,,parse_error
129,relation,Therapy,is administered during,Patient Interventions,[inferred] cluster completion,reject,,,,,judge output unparseable; defaulted to reject,0.0,,,parse_error
130,relation,Treatment Data,is associated with,Therapy,[inferred] cluster completion,reject,,,,,judge output unparseable; defaulted to reject,0.0,,,parse_error
131,relation,Acute Respiratory Distress Syndrome,is associated with,Vasopressors,[inferred] cluster completion,reject,,,,,judge output unparseable; defaulted to reject,0.0,,,parse_error
132,relation,Adrenaline,is administered during,Hypotension,[inferred] cluster completion,reject,,,,,judge output unparseable; defaulted to reject,0.0,,,parse_error
133,relation,Adrenaline,is administered during,Hypertension,[inferred] cluster completion,reject,,,,,judge output unparseable; defaulted to reject,0.0,,,parse_error
134,relation,Hypertension,is influenced by,Noradrenaline,[inferred] cluster completion,reject,,,,,judge output unparseable; defaulted to reject,0.0,,,parse_error
135,relation,Hypertension,is influenced by,Adrenaline,[inferred] cluster completion,reject,,,,,judge output unparseable; defaulted to reject,0.0,,,parse_error
136,relation,Hypotension,is influenced by,Noradrenaline,[inferred] cluster completion,reject,,,,,judge output unparseable; defaulted to reject,0.0,,,parse_error
137,relation,Hypotension,is influenced by,Adrenaline,[inferred] cluster completion,reject,,,,,judge output unparseable; defaulted to reject,0.0,,,parse_error
138,relation,Mean Arterial Pressure (MAP),is monitored by,Sensor,[inferred] cluster completion,reject,,,,,judge output unparseable; defaulted to reject,0.0,,,parse_error
139,relation,Noradrenaline,is administered during,Hypotension,[inferred] cluster completion,reject,,,,,judge output unparseable; defaulted to reject,0.0,,,parse_error
140,relation,Noradrenaline,is administered during,Hypertension,[inferred] cluster completion,reject,,,,,judge output unparseable; defaulted to reject,0.0,,,parse_error
141,relation,Sepsis,is associated with,Hypotension,[inferred] cluster completion,reject,,,,,judge output unparseable; defaulted to reject,0.0,,,parse_error
142,relation,Septic Shock,is associated with,Hypotension,[inferred] cluster completion,reject,,,,,judge output unparseable; defaulted to reject,0.0,,,parse_error
143,relation,Systemic Hypotension,is treated with,Vasopressors,[inferred] cluster completion,reject,,,,,judge output unparseable; defaulted to reject,0.0,,,parse_error
144,relation,Vasopressors,is administered during,Systemic Hypotension,[inferred] cluster completion,reject,,,,,judge output unparseable; defaulted to reject,0.0,,,parse_error
145,relation,Brain Injury,is a condition of,Patient,[inferred] cluster completion,reject,,,,,judge output unparseable; defaulted to reject,0.0,,,parse_error
146,relation,Brain Injury,is associated with,Cranial Injuries,[inferred] cluster completion,reject,,,,,judge output unparseable; defaulted to reject,0.0,,,parse_error
147,relation,Brain Injury,is influenced by,Guideline Adherence,[inferred] cluster completion,reject,,,,,judge output unparseable; defaulted to reject,0.0,,,parse_error
148,relation,Cranial Injuries,is associated with,Brain Injury,[inferred] cluster completion,reject,,,,,judge output unparseable; defaulted to reject,0.0,,,parse_error
149,relation,Cranial Injuries,is a condition of,Patient,[inferred] cluster completion,reject,,,,,judge output unparseable; defaulted to reject,0.0,,,parse_error
150,relation,Demographic Data,hasDemographicData,Patient,[inferred] cluster completion,reject,,,,,judge output unparseable; defaulted to reject,0.0,,,parse_error
151,relation,Extracranial Injury,is associated with,Brain Injury,[inferred] cluster completion,reject,,,,,judge output unparseable; defaulted to reject,0.0,,,parse_error
152,relation,Guideline,informs,Guideline Adherence,[inferred] cluster completion,reject,,,,,judge output unparseable; defaulted to reject,0.0,,,parse_error
153,relation,Guideline Adherence,is associated with,Guideline,[inferred] cluster completion,reject,,,,,judge output unparseable; defaulted to reject,0.0,,,parse_error
154,relation,Guideline Adherence,affects outcome,Traumatic Brain Injury,[inferred] cluster completion,reject,,,,,judge output unparseable; defaulted to reject,0.0,,,parse_error
155,relation,Head Injury,is a condition of,Patient,[inferred] cluster completion,reject,,,,,judge output unparseable; defaulted to reject,0.0,,,parse_error
156,relation,Head Injury,is associated with,Brain Injury,[inferred] cluster completion,reject,,,,,judge output unparseable; defaulted to reject,0.0,,,parse_error
157,relation,Head Trauma,is a condition of,Patient,[inferred] cluster completion,reject,,,,,judge output unparseable; defaulted to reject,0.0,,,parse_error
158,relation,Head Trauma,is associated with,Traumatic Brain Injury,[inferred] cluster completion,reject,,,,,judge output unparseable; defaulted to reject,0.0,,,parse_error
159,relation,Mortality,is a risk factor for,Traumatic Brain Injury,[inferred] cluster completion,reject,,,,,judge output unparseable; defaulted to reject,0.0,,,parse_error
160,relation,Neurological Injury,is a condition of,Patient,[inferred] cluster completion,reject,,,,,judge output unparseable; defaulted to reject,0.0,,,parse_error
161,relation,Patient,is associated with,Brain Injury,[inferred] cluster completion,reject,,,,,judge output unparseable; defaulted to reject,0.0,,,parse_error
162,relation,Traumatic Brain Injury,is a condition of,Patient,[inferred] cluster completion,reject,,,,,judge output unparseable; defaulted to reject,0.0,,,parse_error
163,relation,Traumatic Brain Injury,is associated with,Head Trauma,[inferred] cluster completion,reject,,,,,judge output unparseable; defaulted to reject,0.0,,,parse_error
164,relation,Traumatic Brain Injury,is influenced by,Guideline Adherence,[inferred] cluster completion,reject,,,,,judge output unparseable; defaulted to reject,0.0,,,parse_error
165,relation,Traumatic Intracranial Hypertension,is a condition of,Patient,[inferred] cluster completion,reject,,,,,judge output unparseable; defaulted to reject,0.0,,,parse_error
166,relation,Traumatic Intracranial Hypertension,is associated with,Traumatic Brain Injury,[inferred] cluster completion,reject,,,,,judge output unparseable; defaulted to reject,0.0,,,parse_error
167,relation,Anterior Fossa Repair,has surgical procedure,Surgical Procedure,[inferred] cluster completion,reject,,,,,judge output unparseable; defaulted to reject,0.0,,,parse_error
168,relation,CT Scan Assessment,assesses,Coma,[inferred] cluster completion,reject,,,,,judge output unparseable; defaulted to reject,0.0,,,parse_error
169,relation,Extra Ventricular Drain Placement,isMonitoredBy,Intensive Care Management,[inferred] cluster completion,reject,,,,,judge output unparseable; defaulted to reject,0.0,,,parse_error
170,relation,Intensive Care Management,has clinical assessment,Clinical Assessment,[inferred] cluster completion,reject,,,,,judge output unparseable; defaulted to reject,0.0,,,parse_error
171,relation,Intensive Care Management,has monitoring data,Laboratory Values,[inferred] cluster completion,reject,,,,,judge output unparseable; defaulted to reject,0.0,,,parse_error
172,relation,Nursing Intervention,is administered during,Session,[inferred] cluster completion,reject,,,,,judge output unparseable; defaulted to reject,0.0,,,parse_error
173,relation,Barbiturates,is administered during,Decompressive Craniectomy,[inferred] cluster completion,reject,,,,,judge output unparseable; defaulted to reject,0.0,,,parse_error
174,relation,Cerebrovascular Autoregulation,is influenced by,Decompressive Craniectomy,[inferred] cluster completion,reject,,,,,judge output unparseable; defaulted to reject,0.0,,,parse_error
175,relation,Evacuation of Mass Lesion,has surgical procedure,Decompressive Craniectomy,[inferred] cluster completion,reject,,,,,judge output unparseable; defaulted to reject,0.0,,,parse_error
176,relation,Jugular Venous Desaturation,is monitored by,Jugular Venous Oxygen Saturation,[inferred] cluster completion,reject,,,,,judge output unparseable; defaulted to reject,0.0,,,parse_error
177,relation,Barbiturates,isTreatedWith,Management,[inferred] cluster completion,reject,,,,,judge output unparseable; defaulted to reject,0.0,,,parse_error
178,relation,Microdialysis,is monitored by,Partial Pressure of Brain Tissue Oxygen,[inferred] cluster completion,reject,,,,,judge output unparseable; defaulted to reject,0.0,,,parse_error
179,relation,Removal of Foreign Body,has surgical procedure,Evacuation of Mass Lesion,[inferred] cluster completion,reject,,,,,judge output unparseable; defaulted to reject,0.0,,,parse_error
180,relation,Secondary Brain Injury,is a condition of,Secondary Insult,[inferred] cluster completion,reject,,,,,judge output unparseable; defaulted to reject,0.0,,,parse_error
181,relation,Secondary Brain Injury,worsens,Outcome,[inferred] cluster completion,reject,,,,,judge output unparseable; defaulted to reject,0.0,,,parse_error
182,relation,Secondary Insult Therapy,isAdministeredDuring,Secondary Insult,[inferred] cluster completion,reject,,,,,judge output unparseable; defaulted to reject,0.0,,,parse_error
183,relation,Secondary Insult Grades,defines,Secondary Insult,[inferred] cluster completion,reject,,,,,judge output unparseable; defaulted to reject,0.0,,,parse_error
184,relation,Secondary Insult Therapy,is administered during,Secondary Insult,[inferred] cluster completion,reject,,,,,judge output unparseable; defaulted to reject,0.0,,,parse_error
185,relation,Secondary Insult Therapy,reduces,Secondary Brain Injury,[inferred] cluster completion,reject,,,,,judge output unparseable; defaulted to reject,0.0,,,parse_error
186,relation,Secondary Insult Treatment,targets condition,Secondary Insult,[inferred] cluster completion,reject,,,,,judge output unparseable; defaulted to reject,0.0,,,parse_error
187,relation,Analgesia,affectsOutcome,Poor Outcome,[inferred] cluster completion,reject,,,,,judge output unparseable; defaulted to reject,0.0,,,parse_error
188,relation,Anti-hypertensives,isAdministeredDuring,Ventilation,[inferred] cluster completion,reject,,,,,judge output unparseable; defaulted to reject,0.0,,,parse_error
189,relation,Anti-pyretics,hasMonitoringData,Temperature,[inferred] cluster completion,reject,,,,,judge output unparseable; defaulted to reject,0.0,,,parse_error
190,relation,Anti-pyretics,affectsOutcome,Poor Outcome,[inferred] cluster completion,reject,,,,,judge output unparseable; defaulted to reject,0.0,,,parse_error
191,relation,Antibiotics,isAssociatedWith,Surgical Procedure,[inferred] cluster completion,reject,,,,,judge output unparseable; defaulted to reject,0.0,,,parse_error
192,relation,EtCO2,is monitored by,Ventilator,[inferred] cluster completion,reject,,,,,judge output unparseable; defaulted to reject,0.0,,,parse_error
193,relation,EtCO2,measures parameter,Carbon Dioxide,[inferred] cluster completion,reject,,,,,judge output unparseable; defaulted to reject,0.0,,,parse_error
194,relation,Insult,is a risk factor for,Poor Outcome,[inferred] cluster completion,reject,,,,,judge output unparseable; defaulted to reject,0.0,,,parse_error
195,relation,Insult,isMonitoredBy,Ventilation,[inferred] cluster completion,reject,,,,,judge output unparseable; defaulted to reject,0.0,,,parse_error
196,relation,Paralysis,affects outcome,Poor Outcome,[inferred] cluster completion,reject,,,,,judge output unparseable; defaulted to reject,0.0,,,parse_error
197,relation,Patient Transport,is associated with,Ventilation,[inferred] cluster completion,reject,,,,,judge output unparseable; defaulted to reject,0.0,,,parse_error
198,relation,Patient Transport,isAdministeredDuring,Analgesia,[inferred] cluster completion,reject,,,,,judge output unparseable; defaulted to reject,0.0,,,parse_error
199,relation,Poor Outcome,is influenced by,Insult,[inferred] cluster completion,reject,,,,,judge output unparseable; defaulted to reject,0.0,,,parse_error
200,relation,Poor Outcome,is associated with,Paralysis,[inferred] cluster completion,reject,,,,,judge output unparseable; defaulted to reject,0.0,,,parse_error
201,relation,Skull Fracture Elevation,is associated with,Head Injury,[inferred] cluster completion,reject,,,,,judge output unparseable; defaulted to reject,0.0,,,parse_error
202,relation,TCD,is monitored by,Sensor,[inferred] cluster completion,reject,,,,,judge output unparseable; defaulted to reject,0.0,,,parse_error
203,relation,Ventilation,is managed by,Ventilator,[inferred] cluster completion,reject,,,,,judge output unparseable; defaulted to reject,0.0,,,parse_error
204,relation,Brain Temperature,is monitored by,Sensor,[inferred] cluster completion,reject,,,,,judge output unparseable; defaulted to reject,0.0,,,parse_error
205,relation,Brain Temperature,has monitoring data,Timepoint,[inferred] cluster completion,reject,,,,,judge output unparseable; defaulted to reject,0.0,,,parse_error
206,relation,Heart Rate,is monitored by,Sensor,[inferred] cluster completion,reject,,,,,judge output unparseable; defaulted to reject,0.0,,,parse_error
207,relation,Heart Rate,has monitoring data,Timepoint,[inferred] cluster completion,reject,,,,,judge output unparseable; defaulted to reject,0.0,,,parse_error
208,relation,ICP Sensor Placement,is related to,Sensor,[inferred] cluster completion,reject,,,,,judge output unparseable; defaulted to reject,0.0,,,parse_error
209,relation,Measurement Time,has timepoint,Timepoint,[inferred] cluster completion,reject,,,,,judge output unparseable; defaulted to reject,0.0,,,parse_error
210,relation,NIBP,is monitored by,Sensor,[inferred] cluster completion,reject,,,,,judge output unparseable; defaulted to reject,0.0,,,parse_error
211,relation,NIBP,has monitoring data,Timepoint,[inferred] cluster completion,reject,,,,,judge output unparseable; defaulted to reject,0.0,,,parse_error
212,relation,Observation,is measured at,Timepoint,[inferred] cluster completion,reject,,,,,judge output unparseable; defaulted to reject,0.0,,,parse_error
213,relation,Parameter,is measured by,Sensor,[inferred] cluster completion,reject,,,,,judge output unparseable; defaulted to reject,0.0,,,parse_error
214,relation,Peripheral Temperature,is monitored by,Sensor,[inferred] cluster completion,reject,,,,,judge output unparseable; defaulted to reject,0.0,,,parse_error
215,relation,Peripheral Temperature,has monitoring data,Timepoint,[inferred] cluster completion,reject,,,,,judge output unparseable; defaulted to reject,0.0,,,parse_error
216,relation,Reading,is measured at,Timepoint,[inferred] cluster completion,reject,,,,,judge output unparseable; defaulted to reject,0.0,,,parse_error
217,relation,Reading,measures parameter,Parameter,[inferred] cluster completion,reject,,,,,judge output unparseable; defaulted to reject,0.0,,,parse_error
218,relation,Respiration Rate,is monitored by,Sensor,[inferred] cluster completion,reject,,,,,judge output unparseable; defaulted to reject,0.0,,,parse_error
219,relation,Respiration Rate,has monitoring data,Timepoint,[inferred] cluster completion,reject,,,,,judge output unparseable; defaulted to reject,0.0,,,parse_error
220,relation,Temperature,is monitored by,Sensor,[inferred] cluster completion,reject,,,,,judge output unparseable; defaulted to reject,0.0,,,parse_error
221,relation,Temperature,has monitoring data,Timepoint,[inferred] cluster completion,reject,,,,,judge output unparseable; defaulted to reject,0.0,,,parse_error
222,relation,Blood Gases,is monitored by,Monitoring,[inferred] cluster completion,reject,,,,,judge output unparseable; defaulted to reject,0.0,,,parse_error
223,relation,Cardiac Output,hasMonitoringData,Monitoring,[inferred] cluster completion,reject,,,,,judge output unparseable; defaulted to reject,0.0,,,parse_error
224,relation,Fluids,hasMonitoringData,Monitoring,[inferred] cluster completion,reject,,,,,judge output unparseable; defaulted to reject,0.0,,,parse_error
225,relation,Glucose,hasMonitoringData,Monitoring,[inferred] cluster completion,reject,,,,,judge output unparseable; defaulted to reject,0.0,,,parse_error
226,relation,Nutrition,isMonitoredBy,Monitoring,[inferred] cluster completion,reject,,,,,judge output unparseable; defaulted to reject,0.0,,,parse_error
227,relation,Disability,is associated with,Outcome Score,[inferred] cluster completion,reject,,,,,judge output unparseable; defaulted to reject,0.0,,,parse_error
228,relation,Disability,is influenced by,GCS Assessment,[inferred] cluster completion,reject,,,,,judge output unparseable; defaulted to reject,0.0,,,parse_error
229,relation,GCS Assessment,is associated with,Pupil Assessment,[inferred] cluster completion,reject,,,,,judge output unparseable; defaulted to reject,0.0,,,parse_error
230,relation,GOSe Outcome,relates to clinical outcome,Outcome Score,[inferred] cluster completion,reject,,,,,judge output unparseable; defaulted to reject,0.0,,,parse_error
231,relation,Motor Impairment,is associated with,Disability,[inferred] cluster completion,reject,,,,,judge output unparseable; defaulted to reject,0.0,,,parse_error
232,relation,Motor Impairment,is influenced by,GCS Assessment,[inferred] cluster completion,reject,,,,,judge output unparseable; defaulted to reject,0.0,,,parse_error
233,relation,Outcome Score,predicts outcome,GOSe Outcome,[inferred] cluster completion,reject,,,,,judge output unparseable; defaulted to reject,0.0,,,parse_error
234,relation,Outcome Score,is associated with,Disability,[inferred] cluster completion,reject,,,,,judge output unparseable; defaulted to reject,0.0,,,parse_error
235,relation,Pupil Assessment,is associated with,GCS Assessment,[inferred] cluster completion,accept_direct,,,,,"Pupil Assessment and GCS Assessment are both Clinical Assessments routinely performed together to evaluate neurological status, making their association direct and clinically relevant.",1.0,,,
236,relation,Cerebral Perfusion Pressure (CPP),is influenced by,Intracranial Pressure (ICP),[inferred] cluster completion,reject,,,,,judge output unparseable; defaulted to reject,0.0,,,parse_error
237,relation,Cerebral Perfusion Pressure (CPP),calculates,Mean Cerebral Perfusion Pressure,[inferred] cluster completion,reject,,,,,judge output unparseable; defaulted to reject,0.0,,,parse_error
238,relation,Intracranial Hypertension,is a condition of,Intracranial Pressure (ICP),[inferred] cluster completion,reject,,,,,judge output unparseable; defaulted to reject,0.0,,,parse_error
239,relation,Mean Cerebral Perfusion Pressure,is influenced by,Intracranial Pressure (ICP),[inferred] cluster completion,reject,,,,,judge output unparseable; defaulted to reject,0.0,,,parse_error
240,relation,Pressure Reactivity Index (PRx),assesses,Intracranial Pressure (ICP),[inferred] cluster completion,reject,,,,,judge output unparseable; defaulted to reject,0.0,,,parse_error
241,relation,Carbon Dioxide,is monitored by,Partial Pressure of Carbon Dioxide,[inferred] cluster completion,reject,,,,,judge output unparseable; defaulted to reject,0.0,,,parse_error
242,relation,Carbon Dioxide,is associated with,Ventilation,[inferred] cluster completion,reject,,,,,judge output unparseable; defaulted to reject,0.0,,,parse_error
243,relation,End-tidal Carbon Dioxide,assesses,Ventilation,[inferred] cluster completion,reject,,,,,judge output unparseable; defaulted to reject,0.0,,,parse_error
244,relation,End-tidal Carbon Dioxide,is measured by,Sensor,[inferred] cluster completion,reject,,,,,judge output unparseable; defaulted to reject,0.0,,,parse_error
245,relation,Partial Pressure of Carbon Dioxide,is influenced by,Ventilation,[inferred] cluster completion,reject,,,,,judge output unparseable; defaulted to reject,0.0,,,parse_error
246,relation,Brain Injury,affects outcome,Outcome Score,[inferred] cluster completion,reject,,,,,judge output unparseable; defaulted to reject,0.0,,,parse_error
247,relation,Cranial Injuries,is associated with,Traumatic Brain Injury,[inferred] cluster completion,reject,,,,,judge output unparseable; defaulted to reject,0.0,,,parse_error
248,relation,Disability,is related to,Brain Injury,[inferred] cluster completion,reject,,,,,judge output unparseable; defaulted to reject,0.0,,,parse_error
249,relation,Extracranial Injury,is a risk factor for,Brain Injury,[inferred] cluster completion,reject,,,,,judge output unparseable; defaulted to reject,0.0,,,parse_error
250,relation,GCS Assessment,assesses,Brain Injury,[inferred] cluster completion,reject,,,,,judge output unparseable; defaulted to reject,0.0,,,parse_error
251,relation,GOSe Outcome,predicts outcome,Brain Injury,[inferred] cluster completion,reject,,,,,judge output unparseable; defaulted to reject,0.0,,,parse_error
252,relation,Head Trauma,is monitored by,GCS Assessment,[inferred] cluster completion,reject,,,,,judge output unparseable; defaulted to reject,0.0,,,parse_error
253,relation,Motor Impairment,is related to,Brain Injury,[inferred] cluster completion,reject,,,,,judge output unparseable; defaulted to reject,0.0,,,parse_error
254,relation,Outcome Score,relates to clinical outcome,Brain Injury,[inferred] cluster completion,reject,,,,,judge output unparseable; defaulted to reject,0.0,,,parse_error
255,relation,Patient,receivesTherapy,Baseline Therapy,[inferred] cluster completion,reject,,,,,judge output unparseable; defaulted to reject,0.0,,,parse_error
256,relation,Pupil Assessment,assesses,Neurological Injury,[inferred] cluster completion,reject,,,,,judge output unparseable; defaulted to reject,0.0,,,parse_error
257,relation,Adverse Event,affects outcome,Hypertension,[inferred] cluster completion,reject,,,,,judge output unparseable; defaulted to reject,0.0,,,parse_error
258,relation,Arterial Hypotension,is a risk factor for,Septic Shock,[inferred] cluster completion,reject,,,,,judge output unparseable; defaulted to reject,0.0,,,parse_error
259,relation,Arterial Pressors,isTreatedWith,Hypotension,[inferred] cluster completion,reject,,,,,judge output unparseable; defaulted to reject,0.0,,,parse_error
260,relation,Hypertension,is related to,Adverse Event,[inferred] cluster completion,reject,,,,,judge output unparseable; defaulted to reject,0.0,,,parse_error
261,relation,Hypotension,is a risk factor for,Acute Respiratory Distress Syndrome,[inferred] cluster completion,reject,,,,,judge output unparseable; defaulted to reject,0.0,,,parse_error
262,relation,Hypotension,is treated with,Vasopressors,[inferred] cluster completion,reject,,,,,judge output unparseable; defaulted to reject,0.0,,,parse_error
263,relation,Mean Arterial Pressure (MAP),measures parameter,Hypotension,[inferred] cluster completion,reject,,,,,judge output unparseable; defaulted to reject,0.0,,,parse_error
264,relation,Sepsis,is a risk factor for,Septic Shock,[inferred] cluster completion,reject,,,,,judge output unparseable; defaulted to reject,0.0,,,parse_error
265,relation,Vasopressors,is administered during,Hypotension,[inferred] cluster completion,reject,,,,,judge output unparseable; defaulted to reject,0.0,,,parse_error
266,relation,Clinical Outcome,relates to clinical outcome,Outcome,[inferred] cluster completion,reject,,,,,judge output unparseable; defaulted to reject,0.0,,,parse_error
267,relation,Monitoring Data,has monitoring data,Physiological Data,[inferred] cluster completion,reject,,,,,judge output unparseable; defaulted to reject,0.0,,,parse_error
268,relation,Outcome Data,is related to,Clinical Outcome,[inferred] cluster completion,reject,,,,,judge output unparseable; defaulted to reject,0.0,,,parse_error
269,relation,Patient Interventions,affects outcome,Outcome,[inferred] cluster completion,reject,,,,,judge output unparseable; defaulted to reject,0.0,,,parse_error
270,relation,Physiological Data,is monitored by,Monitoring Data,[inferred] cluster completion,reject,,,,,judge output unparseable; defaulted to reject,0.0,,,parse_error
271,relation,Treatment Data,is administered during,Patient Interventions,[inferred] cluster completion,reject,,,,,judge output unparseable; defaulted to reject,0.0,,,parse_error
272,relation,Error,is related to,Reading,[inferred] cluster completion,reject,,,,,judge output unparseable; defaulted to reject,0.0,,,parse_error
273,relation,Observation,is measured at,Measurement Time,[inferred] cluster completion,reject,,,,,judge output unparseable; defaulted to reject,0.0,,,parse_error
274,relation,Possible Error,is associated with,Reading,[inferred] cluster completion,reject,,,,,judge output unparseable; defaulted to reject,0.0,,,parse_error
275,relation,Probable Error,is associated with,Reading,[inferred] cluster completion,reject,,,,,judge output unparseable; defaulted to reject,0.0,,,parse_error
276,relation,Reading,is measured by,Sensor,[inferred] cluster completion,reject,,,,,judge output unparseable; defaulted to reject,0.0,,,parse_error
277,relation,Temperature,measures parameter,Brain Temperature,[inferred] cluster completion,reject,,,,,judge output unparseable; defaulted to reject,0.0,,,parse_error
278,relation,Decompressive Craniectomy,isAssociatedWith,Evacuation of Mass Lesion,[inferred] cluster completion,reject,,,,,judge output unparseable; defaulted to reject,0.0,,,parse_error
279,relation,Jugular Venous Desaturation,is associated with,Jugular Venous Oxygen Saturation,[inferred] cluster completion,reject,,,,,judge output unparseable; defaulted to reject,0.0,,,parse_error
280,relation,Jugular Venous Oxygen Saturation,assesses,Partial Pressure of Brain Tissue Oxygen,[inferred] cluster completion,reject,,,,,judge output unparseable; defaulted to reject,0.0,,,parse_error
281,relation,Hypothermia Therapy,isAdministeredDuring,Management,[inferred] cluster completion,reject,,,,,judge output unparseable; defaulted to reject,0.0,,,parse_error
282,relation,Partial Pressure of Brain Tissue Oxygen,is monitored by,Jugular Venous Oxygen Saturation,[inferred] cluster completion,reject,,,,,judge output unparseable; defaulted to reject,0.0,,,parse_error
283,relation,PbrO2,measures parameter,Jugular Venous Oxygen Saturation,[inferred] cluster completion,reject,,,,,judge output unparseable; defaulted to reject,0.0,,,parse_error
284,relation,SaO2,hasMonitoringData,Partial Pressure of Brain Tissue Oxygen,[inferred] cluster completion,reject,,,,,judge output unparseable; defaulted to reject,0.0,,,parse_error
285,relation,Anti-hypertensives,isAdministeredDuring,Analgesia,[inferred] cluster completion,reject,,,,,judge output unparseable; defaulted to reject,0.0,,,parse_error
286,relation,Electrocardiogram (ECG),isAssociatedWith,Poor Outcome,[inferred] cluster completion,reject,,,,,judge output unparseable; defaulted to reject,0.0,,,parse_error
287,relation,EtCO2,hasMonitoringData,Ventilation,[inferred] cluster completion,reject,,,,,judge output unparseable; defaulted to reject,0.0,,,parse_error
288,relation,Insult,is associated with,Poor Outcome,[inferred] cluster completion,reject,,,,,judge output unparseable; defaulted to reject,0.0,,,parse_error
289,relation,Paralysis,affectsOutcome,Poor Outcome,[inferred] cluster completion,reject,,,,,judge output unparseable; defaulted to reject,0.0,,,parse_error
290,relation,Ventilator,is associated with,Ventilation,[inferred] cluster completion,reject,,,,,judge output unparseable; defaulted to reject,0.0,,,parse_error
291,relation,Secondary Brain Injury,worsens,Secondary Insult,[inferred] cluster completion,reject,,,,,judge output unparseable; defaulted to reject,0.0,,,parse_error
292,relation,Secondary Insult,is associated with,Secondary Brain Injury,[inferred] cluster completion,reject,,,,,judge output unparseable; defaulted to reject,0.0,,,parse_error
293,relation,Secondary Insult Therapy,is treated with,Secondary Insult,[inferred] cluster completion,reject,,,,,judge output unparseable; defaulted to reject,0.0,,,parse_error
294,relation,Haematocrit,isMonitoredBy,Monitoring,[inferred] cluster completion,reject,,,,,judge output unparseable; defaulted to reject,0.0,,,parse_error
295,relation,Haemoglobin,hasLaboratoryValue,Monitoring,[inferred] cluster completion,reject,,,,,judge output unparseable; defaulted to reject,0.0,,,parse_error
296,relation,Monitoring,assesses,Blood Gases,[inferred] cluster completion,reject,,,,,judge output unparseable; defaulted to reject,0.0,,,parse_error
297,relation,Monitoring,assesses,Cardiac Output,[inferred] cluster completion,reject,,,,,judge output unparseable; defaulted to reject,0.0,,,parse_error
298,relation,Monitoring,assesses,Fluids,[inferred] cluster completion,reject,,,,,judge output unparseable; defaulted to reject,0.0,,,parse_error
299,relation,Monitoring,assesses,Glucose,[inferred] cluster completion,reject,,,,,judge output unparseable; defaulted to reject,0.0,,,parse_error
300,relation,Monitoring,assesses,Haematocrit,[inferred] cluster completion,reject,,,,,judge output unparseable; defaulted to reject,0.0,,,parse_error
301,relation,Monitoring,assesses,Haemoglobin,[inferred] cluster completion,reject,,,,,judge output unparseable; defaulted to reject,0.0,,,parse_error
302,relation,Monitoring,assesses,Potassium,[inferred] cluster completion,reject,,,,,judge output unparseable; defaulted to reject,0.0,,,parse_error
303,relation,Monitoring,isMonitoredBy,Sodium,[inferred] cluster completion,reject,,,,,judge output unparseable; defaulted to reject,0.0,,,parse_error
304,relation,Potassium,hasMonitoringData,Monitoring,[inferred] cluster completion,reject,,,,,judge output unparseable; defaulted to reject,0.0,,,parse_error
305,relation,Clinical Assessment,has outcome,Coma,[inferred] cluster completion,reject,,,,,judge output unparseable; defaulted to reject,0.0,,,parse_error
306,relation,Extra Ventricular Drain Placement,isMonitoredBy,Monitoring Data,[inferred] cluster completion,reject,,,,,judge output unparseable; defaulted to reject,0.0,,,parse_error
307,relation,Laboratory Values,is associated with,Routine Nursing Care,[inferred] cluster completion,reject,,,,,judge output unparseable; defaulted to reject,0.0,,,parse_error
308,relation,Nursing Intervention,hasNursingIntervention,Intensive Care Management,[inferred] cluster completion,reject,,,,,judge output unparseable; defaulted to reject,0.0,,,parse_error
309,relation,Routine Nursing Care,is associated with,Clinical Assessment,[inferred] cluster completion,reject,,,,,judge output unparseable; defaulted to reject,0.0,,,parse_error
310,relation,Session,has timepoint,Laboratory Values,[inferred] cluster completion,reject,,,,,judge output unparseable; defaulted to reject,0.0,,,parse_error
311,relation,Cerebral Perfusion Pressure (CPP),is a risk factor for,Traumatic Intracranial Hypertension,[inferred] cluster completion,reject,,,,,judge output unparseable; defaulted to reject,0.0,,,parse_error
312,relation,Intracranial Hypertension,worsens,Cerebral Perfusion Pressure (CPP),[inferred] cluster completion,reject,,,,,judge output unparseable; defaulted to reject,0.0,,,parse_error
313,relation,Intracranial Pressure (ICP),is influenced by,Mean Cerebral Perfusion Pressure,[inferred] cluster completion,reject,,,,,judge output unparseable; defaulted to reject,0.0,,,parse_error
314,relation,Mean Cerebral Perfusion Pressure,calculates,Intracranial Pressure (ICP),[inferred] cluster completion,reject,,,,,judge output unparseable; defaulted to reject,0.0,,,parse_error
315,relation,Mean Intracranial Pressure,is a condition of,Intracranial Hypertension,[inferred] cluster completion,reject,,,,,judge output unparseable; defaulted to reject,0.0,,,parse_error
316,relation,Traumatic Intracranial Hypertension,affects outcome,Intracranial Hypertension,[inferred] cluster completion,reject,,,,,judge output unparseable; defaulted to reject,0.0,,,parse_error
317,relation,Carbon Dioxide,is monitored by,End-tidal Carbon Dioxide,[inferred] cluster completion,reject,,,,,judge output unparseable; defaulted to reject,0.0,,,parse_error
318,relation,End-tidal Carbon Dioxide,assesses,Carbon Dioxide,[inferred] cluster completion,reject,,,,,judge output unparseable; defaulted to reject,0.0,,,parse_error
319,relation,Partial Pressure of Carbon Dioxide,is associated with,Carbon Dioxide,[inferred] cluster completion,reject,,,,,judge output unparseable; defaulted to reject,0.0,,,parse_error
320,hierarchy,Decompressive Craniectomy,subClassOf,Surgical Procedure,Decompressive craniectomy (DC) is a surgical technique originally described by Kocher in 1901.,reject,,,,,judge output unparseable; defaulted to reject,0.0,,,parse_error
321,hierarchy,Secondary Insult,subClassOf,Insult,One of the most critical types of systemic secondary insult is arterial hypotension.,accept_direct,,,,,The preamble explicitly states that 'Secondary Insult' is a subclass of 'Insult' under the SSN/BrainIT alignment.,1.0,,,
322,hierarchy,Secondary Insult,subClassOf,Condition,[inferred] Secondary Insult is a subclass of Condition (deterministic hierarchy checklist).,reject,,,,,judge output unparseable; defaulted to reject,0.0,,,parse_error
323,hierarchy,Core Monitoring Parameter,subClassOf,Monitoring Data,[inferred] Chain-of-Layer: Core Monitoring Parameter is organized under Monitoring Data,accept_direct,,,,,The preamble explicitly states that 'Core Monitoring Parameter' is a subclass of 'Monitoring Data'.,1.0,,,
324,hierarchy,Heart Rate,subClassOf,Core Monitoring Parameter,[inferred] Chain-of-Layer: Heart Rate is organized under Core Monitoring Parameter,accept_direct,,,,,The preamble explicitly lists 'Heart Rate' as a valid subclass of 'Core Monitoring Parameter'.,1.0,,,
325,hierarchy,Mean Arterial Pressure (MAP),subClassOf,Core Monitoring Parameter,[inferred] Chain-of-Layer: Mean Arterial Pressure (MAP) is organized under Core Monitoring Parameter,accept_direct,,,,,Mean Arterial Pressure (MAP) is explicitly listed as a subclass of Core Monitoring Parameter in the domain context preamble.,1.0,,,
326,hierarchy,Mean Intracranial Pressure,subClassOf,Core Monitoring Parameter,[inferred] Chain-of-Layer: Mean Intracranial Pressure is organized under Core Monitoring Parameter,accept_direct,,,,,The preamble explicitly lists ICP (Mean Intracranial Pressure) as a valid subclass of Core Monitoring Parameter.,1.0,,,
327,hierarchy,Mean Cerebral Perfusion Pressure,subClassOf,Core Monitoring Parameter,[inferred] Chain-of-Layer: Mean Cerebral Perfusion Pressure is organized under Core Monitoring Parameter,accept_direct,,,,,The preamble explicitly lists CPP (Mean Cerebral Perfusion Pressure) as a valid subclass of Core Monitoring Parameter.,1.0,,,
328,hierarchy,Pressure Reactivity Index (PRx),subClassOf,Core Monitoring Parameter,[inferred] Chain-of-Layer: Pressure Reactivity Index (PRx) is organized under Core Monitoring Parameter,reject,,,,,judge output unparseable; defaulted to reject,0.0,,,parse_error
329,hierarchy,Monitoring Time,subClassOf,Monitoring Data,[inferred] Chain-of-Layer: Monitoring Time is organized under Monitoring Data,reject,,,,,judge output unparseable; defaulted to reject,0.0,,,parse_error
330,hierarchy,Baseline Therapy,subClassOf,Therapy,[inferred] Chain-of-Layer: Baseline Therapy is organized under Therapy,reject,,,,,judge output unparseable; defaulted to reject,0.0,,,parse_error
331,hierarchy,Barbiturates,subClassOf,Secondary Insult Therapy,[inferred] Chain-of-Layer: Barbiturates is organized under Baseline Therapy,accept_direct,,,,,The preamble explicitly lists Barbiturates as a valid subclass of Secondary Insult Therapy.,1.0,,,
332,hierarchy,Traumatic Brain Injury,subClassOf,Condition,[inferred] Chain-of-Layer: Traumatic Brain Injury is organized under Condition,accept_direct,,,,,The preamble explicitly states that 'TBI' is a valid subclass of 'Condition'.,1.0,,,
333,hierarchy,Sepsis,subClassOf,Condition,[inferred] Chain-of-Layer: Sepsis is organized under Condition,accept_direct,,,,,The preamble explicitly lists 'Sepsis' as a valid subclass of the generic superclass 'Condition'.,1.0,,,
334,hierarchy,GCS Assessment,subClassOf,Clinical Assessment,[inferred] Chain-of-Layer: GCS Assessment is organized under Outcome,accept_direct,,,,,The preamble explicitly lists 'GCS Assessment' as a valid subclass of 'Clinical Assessment'.,1.0,,,
335,hierarchy,Haematocrit,subClassOf,Haematology,the physiological vital functions are extensively monitored.,accept_direct,,,,,"The preamble explicitly states that individual analytes like Haematocrit are valid subclasses of their parent panel, Haematology.",1.0,,,
336,hierarchy,TCD,subClassOf,Optional Monitoring Parameter,the physiological vital functions are extensively monitored.,accept_direct,,,,,The preamble explicitly lists TCD as a valid subclass of Optional Monitoring Parameter.,1.0,,,
337,hierarchy,Optional Monitoring Parameter,subClassOf,Monitoring Data,the physiological vital functions are extensively monitored.,accept_direct,,,,,The preamble explicitly states that 'Optional Monitoring Parameter' is a subclass of 'Monitoring Data'.,1.0,,,
338,hierarchy,Intracranial Pressure (ICP),subClassOf,Core Monitoring Parameter,the physiological vital functions are extensively monitored.,accept_direct,,,,,The preamble explicitly lists 'ICP' as a valid subclass of 'Core Monitoring Parameter'.,1.0,,,
339,hierarchy,Removal of Foreign Body,subClassOf,Surgical Procedure,the physiological vital functions are extensively monitored.,accept_direct,,,,,The preamble explicitly lists 'Removal of Foreign Body' as a valid subclass of 'Surgical Procedure'.,1.0,,,
340,hierarchy,Peripheral Temperature,subClassOf,Optional Monitoring Parameter,the physiological vital functions are extensively monitored.,accept_direct,,,,,The preamble explicitly lists 'Peripheral Temperature' as a valid subclass of 'Optional Monitoring Parameter'.,1.0,,,
341,hierarchy,Sodium,subClassOf,Biochemistry,the physiological vital functions are extensively monitored.,accept_direct,,,,,"Sodium is explicitly listed in the preamble as an individual analyte that is a valid subclass of its parent panel, Biochemistry.",1.0,,,
342,hierarchy,Fluids,subClassOf,Baseline Therapy,the physiological vital functions are extensively monitored.,accept_direct,,,,,The preamble explicitly lists 'Fluids' as a valid subclass of 'Baseline Therapy'.,1.0,,,
343,hierarchy,Extra Ventricular Drain Placement,subClassOf,Surgical Procedure,the physiological vital functions are extensively monitored.,reject,,,,,judge output unparseable; defaulted to reject,0.0,,,parse_error
344,hierarchy,EtCO2,subClassOf,Optional Monitoring Parameter,the physiological vital functions are extensively monitored.,accept_direct,,,,,The preamble explicitly lists EtCO2 as a valid subclass of Optional Monitoring Parameter.,1.0,,,
345,hierarchy,SjO2,subClassOf,Optional Monitoring Parameter,the physiological vital functions are extensively monitored.,accept_direct,,,,,The preamble explicitly lists SjO2 as a subclass of Optional Monitoring Parameter.,1.0,,,
346,hierarchy,Blood Gases,subClassOf,Laboratory Values,the physiological vital functions are extensively monitored.,accept_direct,,,,,"The preamble explicitly states that 'Blood Gases' is a sub-panel of 'Laboratory Values', making 'Blood Gases subClassOf Laboratory Values' a direct and valid hierarchical relationship.",1.0,,,
347,hierarchy,Haemoglobin,subClassOf,Haematology,the physiological vital functions are extensively monitored.,accept_direct,,,,,"The preamble explicitly states that individual analytes such as Haemoglobin are valid subclasses of their parent panel, Haematology.",1.0,,,
348,hierarchy,Glucose,subClassOf,Biochemistry,the physiological vital functions are extensively monitored.,accept_direct,,,,,The preamble explicitly states that individual analytes (including Glucose) are valid subclasses of their parent panel (Biochemistry).,1.0,,,
349,hierarchy,Anterior Fossa Repair,subClassOf,Surgical Procedure,the physiological vital functions are extensively monitored.,accept_direct,,,,,The preamble explicitly lists 'Anterior Fossa Repair' as a valid subclass of 'Surgical Procedure'.,1.0,,,
350,hierarchy,Secondary Insult Treatment,subClassOf,Secondary Insult Therapy,the physiological vital functions are extensively monitored.,reject,,,,,judge output unparseable; defaulted to reject,0.0,,,parse_error
351,hierarchy,NIBP,subClassOf,Optional Monitoring Parameter,the physiological vital functions are extensively monitored.,accept_direct,,,,,The preamble explicitly lists NIBP as a valid subclass of Optional Monitoring Parameter.,1.0,,,
352,hierarchy,Haematology,subClassOf,Laboratory Values,the physiological vital functions are extensively monitored.,accept_direct,,,,,"The preamble explicitly states that 'Laboratory Values' has sub-panels including 'Haematology', directly implying a subClassOf relationship.",1.0,,,
353,hierarchy,Sedation,subClassOf,Baseline Therapy,the physiological vital functions are extensively monitored.,accept_direct,,,,,The preamble explicitly lists 'Sedation' as a valid subclass of 'Baseline Therapy'.,1.0,,,
354,hierarchy,CT Scan Assessment,subClassOf,Clinical Assessment,the physiological vital functions are extensively monitored.,accept_direct,,,,,The preamble explicitly lists 'CT Scan Assessment' as a valid subclass of 'Clinical Assessment' under the 'Clinical Assessment' section.,1.0,,,
355,hierarchy,Cardiac Output,subClassOf,Optional Monitoring Parameter,Domain-scope scaffolding: Cardiac Output is a known subclass of Optional Monitoring Parameter in the BrainIT domain.,accept_direct,,,,,The preamble explicitly lists 'Cardiac Output' as a valid subclass of 'Optional Monitoring Parameter'.,1.0,,,
356,hierarchy,Nutrition,subClassOf,Baseline Therapy,Domain-scope scaffolding: Nutrition is a known subclass of Baseline Therapy in the BrainIT domain.,accept_direct,,,,,The preamble explicitly lists 'Nutrition' as a valid subclass of 'Baseline Therapy'.,1.0,,,
357,hierarchy,Pupil Assessment,subClassOf,Clinical Assessment,Domain-scope scaffolding: Pupil Assessment is a known subclass of Clinical Assessment in the BrainIT domain.,accept_direct,,,,,The preamble explicitly lists 'Pupil Assessment' as a valid subclass of 'Clinical Assessment'.,1.0,,,
358,hierarchy,Potassium,subClassOf,Biochemistry,Domain-scope scaffolding: Potassium is a known subclass of Biochemistry in the BrainIT domain.,reject,,,,,judge output unparseable; defaulted to reject,0.0,,,parse_error
359,hierarchy,Possible Error,subClassOf,Data Quality Assessment,Domain-scope scaffolding: Possible Error is a known subclass of Data Quality Assessment in the BrainIT domain.,accept_direct,,,,,The preamble explicitly lists 'Possible Error' as a valid subclass of 'Data Quality Assessment'.,1.0,,,
360,hierarchy,Biochemistry,subClassOf,Laboratory Values,Schema-inferred: Biochemistry is a subclass of Laboratory Values.,accept_direct,,,,,"The preamble explicitly states that 'Laboratory Values' has 'Biochemistry' as a sub-panel, directly establishing a subClassOf relationship.",1.0,,,
361,hierarchy,Arterial Pressors,subClassOf,Secondary Insult Therapy,Schema-inferred: Arterial Pressors is a subclass of Secondary Insult Therapy.,accept_direct,,,,,The preamble explicitly lists 'Arterial Pressors' as a valid subclass of 'Secondary Insult Therapy'.,1.0,,,
362,hierarchy,Secondary Insult Therapy,subClassOf,Therapy,Schema-inferred: Secondary Insult Therapy is a subclass of Therapy.,accept_direct,,,,,The preamble explicitly states that 'Secondary Insult Therapy' is a subclass of 'Therapy'.,1.0,,,
363,hierarchy,Intracranial Hypertension,subClassOf,Secondary Insult,Schema-inferred: Intracranial Hypertension is a subclass of Secondary Insult.,accept_direct,,,,,The preamble explicitly lists 'Intracranial Hypertension' as a valid subclass of 'Secondary Insult'.,1.0,,,
364,hierarchy,Jugular Venous Desaturation,subClassOf,Secondary Insult,Schema-inferred: Jugular Venous Desaturation is a subclass of Secondary Insult.,accept_direct,,,,,The preamble explicitly lists 'Jugular Venous Desaturation' as a valid subclass of 'Secondary Insult'.,1.0,,,
365,hierarchy,GOSe Outcome,subClassOf,Outcome,Schema-inferred: GOSe Outcome is a subclass of Outcome.,accept_direct,,,,,The preamble explicitly lists 'GOSe Outcome' as a valid subclass of 'Outcome' under the 'Outcome' class definition.,1.0,,,
366,hierarchy,CVP,subClassOf,Optional Monitoring Parameter,Schema-inferred: Central Venous Pressure is a subclass of Optional Monitoring Parameter.,reject,,,,,judge output unparseable; defaulted to reject,0.0,,,parse_error
367,hierarchy,Acute Respiratory Distress Syndrome,subClassOf,Secondary Insult,Schema-inferred: Acute Respiratory Distress Syndrome is a subclass of Secondary Insult.,accept_direct,,,,,The preamble explicitly lists ARDS (Acute Respiratory Distress Syndrome) as a valid subclass of Secondary Insult.,1.0,,,
368,hierarchy,Traumatic Brain Injury,subClassOf,Brain Injury,Traumatic brain injury (TBI) is a leading cause of death and long-term disability worldwide.,accept_direct,,,,,The preamble explicitly states that TBI is a valid subclass of Brain Injury.,1.0,,,
369,hierarchy,Arterial Hypotension,subClassOf,Secondary Insult,[inferred] Arterial Hypotension is a subclass of Secondary Insult (deterministic hierarchy checklist).,accept_direct,,,,,The preamble explicitly lists Arterial Hypotension as a valid subclass of Secondary Insult.,1.0,,,
370,hierarchy,Brain Injury,subClassOf,Condition,[inferred] Chain-of-Layer: Brain Injury is organized under Condition,accept_direct,,,,,The preamble explicitly states that 'Brain Injury' is a valid subclass of 'Condition'.,1.0,,,
371,hierarchy,Secondary Brain Injury,subClassOf,Brain Injury,[inferred] Chain-of-Layer: Secondary Brain Injury is organized under Brain Injury,accept_direct,,,,,The BrainIT ontology preamble explicitly lists 'Secondary Brain Injury' as a valid subclass of 'Brain Injury'.,1.0,,,
372,hierarchy,Cerebrovascular Autoregulation,subClassOf,Secondary Insult,[inferred] Chain-of-Layer: Cerebrovascular Autoregulation is organized under Secondary Insult,reject,,,,,judge output unparseable; defaulted to reject,0.0,,,parse_error
373,hierarchy,Adverse Event,subClassOf,Condition,[inferred] Chain-of-Layer: Adverse Event is organized under Condition,accept_direct,,,,,The preamble explicitly lists 'Adverse Event' as a valid subclass of 'Condition'.,1.0,,,
374,hierarchy,Heart Rate,subClassOf,Physiological Data,[inferred] Chain-of-Layer: Heart Rate is organized under Physiological Data,accept_direct,,,,,The preamble explicitly states that specific parameters like Heart Rate can validly be subclasses of Physiological Data.,1.0,,,
375,hierarchy,Mean Arterial Pressure (MAP),subClassOf,Physiological Data,[inferred] Chain-of-Layer: Mean Arterial Pressure (MAP) is organized under Physiological Data,accept_direct,,,,,The preamble explicitly states that specific parameters like MAP can validly be subclasses of Physiological Data.,1.0,,,
376,hierarchy,Intracranial Pressure (ICP),subClassOf,Physiological Data,[inferred] Chain-of-Layer: ICP is organized under Physiological Data,reject,,,,,judge output unparseable; defaulted to reject,0.0,,,parse_error
377,hierarchy,Cerebral Perfusion Pressure (CPP),subClassOf,Physiological Data,[inferred] Chain-of-Layer: CPP is organized under Physiological Data,accept_direct,,,,,The preamble explicitly states that specific parameters like CPP can validly be subclasses of Physiological Data.,1.0,,,
378,hierarchy,Carbon Dioxide,subClassOf,Physiological Data,[inferred] Chain-of-Layer: Carbon Dioxide is organized under Physiological Data,accept_direct,,,,,The preamble explicitly states that Carbon Dioxide can validly be a subclass of Physiological Data.,1.0,,,
379,hierarchy,PbrO2,subClassOf,Physiological Data,[inferred] Chain-of-Layer: Pbro2 is organized under Physiological Data,accept_direct,,,,,The preamble explicitly states that specific parameters like PbrO2 can validly be subclasses of Physiological Data.,1.0,,,
380,hierarchy,Partial Pressure of Brain Tissue Oxygen,subClassOf,Physiological Data,[inferred] Chain-of-Layer: Partial Pressure of Brain Tissue Oxygen is organized under Physiological Data,reject,,,,,judge output unparseable; defaulted to reject,0.0,,,parse_error
381,hierarchy,Partial Pressure of Carbon Dioxide,subClassOf,Physiological Data,[inferred] Chain-of-Layer: Partial Pressure of Carbon Dioxide is organized under Physiological Data,reject,,,,,judge output unparseable; defaulted to reject,0.0,,,parse_error
382,hierarchy,Patient Interventions,subClassOf,Therapy,[inferred] Chain-of-Layer: Patient Interventions is organized under Therapy,accept_direct,,,,,The preamble explicitly states that 'Patient Interventions' is a valid subclass of 'Therapy'.,1.0,,,
383,hierarchy,Guideline Adherence,subClassOf,Clinical Practice,[inferred] Chain-of-Layer: Guideline Adherence is organized under Clinical Practice,accept_direct,,,,,The preamble explicitly lists 'Guideline Adherence' as a valid subclass of 'Clinical Practice'.,1.0,,,
384,hierarchy,Clinical Reminders,subClassOf,Clinical Practice,[inferred] Chain-of-Layer: Clinical Reminders is organized under Clinical Practice,accept_direct,,,,,The preamble explicitly lists 'Clinical Reminders' as a valid subclass of 'Clinical Practice'.,1.0,,,
385,hierarchy,Outcome Score,subClassOf,Outcome,[inferred] Chain-of-Layer: Outcome Score is organized under Outcome,accept_direct,,,,,The preamble explicitly lists 'Outcome Score' as a valid subclass of 'Outcome'.,1.0,,,
386,hierarchy,Mortality,subClassOf,Outcome,[inferred] Mortality is a subclass of Outcome (deterministic hierarchy checklist).,accept_direct,,,,,The preamble explicitly lists 'Mortality' as a valid subclass of 'Outcome' under the 'Outcome' class definition.,1.0,,,
387,hierarchy,Pressure Reactivity Index (PRx),subClassOf,Derived Parameter,derived index reflecting cerebrovascular pressure reactivity,accept_direct,,,,,The preamble explicitly lists 'PRx' as a valid subclass of 'Derived Parameter'.,1.0,,,
388,hierarchy,Physiotherapy,subClassOf,Nursing Intervention,[inferred] Physiotherapy is a subclass of Nursing Intervention.,accept_direct,,,,,The preamble explicitly lists 'Physiotherapy' as a valid subclass of 'Nursing Intervention'.,1.0,,,
389,hierarchy,ICP Sensor Placement,subClassOf,Surgical Procedure,placement of ICP monitoring sensor,accept_direct,,,,,The preamble explicitly lists 'ICP Sensor Placement' as a valid subclass of 'Surgical Procedure'.,1.0,,,
390,hierarchy,White Blood Cell Count,subClassOf,Haematology,[inferred] White Blood Cell Count is a subclass of Haematology.,accept_direct,,,,,"The preamble explicitly states that individual analytes like WBC are valid subclasses of their parent panel, Haematology.",1.0,,,
391,hierarchy,Analgesia,subClassOf,Baseline Therapy,[inferred] Analgesia is a subclass of Baseline Therapy.,accept_direct,,,,,The preamble explicitly lists Analgesia as a valid subclass of Baseline Therapy.,1.0,,,
392,hierarchy,Noradrenaline,subClassOf,Vasopressors,[inferred] Noradrenaline is a subclass of Vasopressors.,reject,,,,,judge output unparseable; defaulted to reject,0.0,,,parse_error
393,hierarchy,Anti-pyretics,subClassOf,Baseline Therapy,[inferred] Anti-pyretics is a subclass of Baseline Therapy.,accept_direct,,,,,Anti-pyretics is explicitly listed as a valid subclass of Baseline Therapy in the domain context preamble.,1.0,,,
394,hierarchy,Paralysis,subClassOf,Baseline Therapy,[inferred] Paralysis is a subclass of Baseline Therapy.,accept_direct,,,,,"The preamble explicitly lists 'Paralysis (NMB)' as a valid subclass of 'Baseline Therapy', matching Step 0 criteria.",1.0,,,
395,hierarchy,Anti-hypertensives,subClassOf,Baseline Therapy,[inferred] Anti-hypertensives is a subclass of Baseline Therapy.,accept_direct,,,,,The preamble explicitly lists 'Anti-hypertensives' as a valid subclass of 'Baseline Therapy'.,1.0,,,
396,hierarchy,Osmotics,subClassOf,Secondary Insult Therapy,[inferred] Osmotics is a subclass of Secondary Insult Therapy.,accept_direct,,,,,The preamble explicitly lists 'Osmotics' as a valid subclass of 'Secondary Insult Therapy' under the 'Secondary Insult Therapy' definition.,1.0,,,
397,hierarchy,Skull Fracture Elevation,subClassOf,Surgical Procedure,[inferred] Skull Fracture Elevation is a subclass of Surgical Procedure.,accept_direct,,,,,The preamble explicitly lists 'Skull Fracture Elevation' as a valid subclass of 'Surgical Procedure'.,1.0,,,
398,hierarchy,Cerebral Perfusion Pressure (CPP),subClassOf,Derived Parameter,Cerebral Perfusion Pressure (CPP) management,accept_direct,,,,,The preamble explicitly lists 'CPP' as a subclass of 'Derived Parameter' under the 'Monitoring Data' section.,1.0,,,
399,hierarchy,Patient Transport,subClassOf,Nursing Intervention,[inferred] Patient Transport is a subclass of Nursing Intervention.,accept_direct,,,,,The preamble explicitly lists 'Patient Transport' as a valid subclass of 'Nursing Intervention'.,1.0,,,
400,hierarchy,Systemic Hypotension,subClassOf,Secondary Insult,[inferred] Systemic Hypotension is a subclass of Secondary Insult.,accept_direct,,,,,The BrainIT ontology preamble explicitly lists 'Systemic Hypotension' as a valid subclass of 'Secondary Insult'.,1.0,,,
401,hierarchy,Ventilation,subClassOf,Baseline Therapy,[inferred] Ventilation is a subclass of Baseline Therapy.,accept_direct,,,,,The preamble explicitly lists 'Ventilation' as a valid subclass of 'Baseline Therapy' under the 'Baseline Therapy' definition.,1.0,,,
402,hierarchy,Routine Nursing Care,subClassOf,Nursing Intervention,routine nursing care,accept_direct,,,,,The preamble explicitly lists 'Routine Nursing Care' as a valid subclass of 'Nursing Intervention'.,1.0,,,
403,hierarchy,Antibiotics,subClassOf,Baseline Therapy,[inferred] Antibiotics is a subclass of Baseline Therapy.,accept_direct,,,,,Antibiotics is explicitly listed as a valid subclass of Baseline Therapy in the domain context preamble.,1.0,,,
404,hierarchy,Hypotension,subClassOf,Secondary Insult,Hypotension is a recognized secondary insult after traumatic brain injury (TBI).,accept_direct,,,,,The preamble explicitly lists 'Hypotension' as a valid subclass of 'Secondary Insult'.,1.0,,,
405,hierarchy,Steroids,subClassOf,Secondary Insult Therapy,Domain-scope scaffolding: Steroids is a known subclass of Secondary Insult Therapy in the BrainIT domain.,accept_direct,,,,,The preamble explicitly lists Steroids as a valid subclass of Secondary Insult Therapy.,1.0,,,
406,hierarchy,Arterial Hypotension,subClassOf,Systemic Hypotension,Schema-inferred: Arterial Hypotension is a subclass of Systemic Hypotension.,reject,,,,,judge output unparseable; defaulted to reject,0.0,,,parse_error
407,hierarchy,PbrO2,subClassOf,Optional Monitoring Parameter,Schema-inferred: Brain Tissue Oxygen is a subclass of Optional Monitoring Parameter.,accept_direct,,,,,The preamble explicitly lists PbrO2 as a valid subclass of Optional Monitoring Parameter.,1.0,,,
408,hierarchy,Electrocardiogram (ECG),subClassOf,Monitoring Data,"Minute by minute monitoring data This is the minimum minute by minute monitoring data required for inclusion in the Brain Monitoring with Information Technology (BrainIT) Database and include: Heart Rate (specifying source: Electrocardiogram (ECG) or Pulse Oximetry), Respiration Rate (sources: impedance plethmography or ventilator), Mean Arterial Pressure, mean Intracranial Pressure (ICP), Pulse Oximetry (SaO2) and Temperature (sources: rectal=oesophageal= bladder=skin.) I.",accept_direct,,,,,The preamble explicitly states that Electrocardiogram (ECG) is a valid subclass of Monitoring Data.,1.0,,,
409,hierarchy,Respiration Rate,subClassOf,Core Monitoring Parameter,"Minute by minute monitoring data This is the minimum minute by minute monitoring data required for inclusion in the Brain Monitoring with Information Technology (BrainIT) Database and include: Heart Rate (specifying source: Electrocardiogram (ECG) or Pulse Oximetry), Respiration Rate (sources: impedance plethmography or ventilator), Mean Arterial Pressure, mean Intracranial Pressure (ICP), Pulse Oximetry (SaO2) and Temperature (sources: rectal=oesophageal= bladder=skin.) I.",accept_direct,,,,,"The preamble explicitly lists 'Respiration Rate' as a subclass of 'Core Monitoring Parameter', making this a direct and authoritative hierarchical relationship.",1.0,,,
410,hierarchy,Mean Arterial Pressure (MAP),subClassOf,Monitoring Data,"Minute by minute monitoring data This is the minimum minute by minute monitoring data required for inclusion in the Brain Monitoring with Information Technology (BrainIT) Database and include: Heart Rate (specifying source: Electrocardiogram (ECG) or Pulse Oximetry), Respiration Rate (sources: impedance plethmography or ventilator), Mean Arterial Pressure, mean Intracranial Pressure (ICP), Pulse Oximetry (SaO2) and Temperature (sources: rectal=oesophageal= bladder=skin.) I.",reject,,,,,judge output unparseable; defaulted to reject,0.0,,,parse_error
411,hierarchy,SaO2,subClassOf,Monitoring Data,"Minute by minute monitoring data This is the minimum minute by minute monitoring data required for inclusion in the Brain Monitoring with Information Technology (BrainIT) Database and include: Heart Rate (specifying source: Electrocardiogram (ECG) or Pulse Oximetry), Respiration Rate (sources: impedance plethmography or ventilator), Mean Arterial Pressure, mean Intracranial Pressure (ICP), Pulse Oximetry (SaO2) and Temperature (sources: rectal=oesophageal= bladder=skin.) I.",reject,,,,,judge output unparseable; defaulted to reject,0.0,,,parse_error
412,hierarchy,Temperature,subClassOf,Core Monitoring Parameter,"Minute by minute monitoring data This is the minimum minute by minute monitoring data required for inclusion in the Brain Monitoring with Information Technology (BrainIT) Database and include: Heart Rate (specifying source: Electrocardiogram (ECG) or Pulse Oximetry), Respiration Rate (sources: impedance plethmography or ventilator), Mean Arterial Pressure, mean Intracranial Pressure (ICP), Pulse Oximetry (SaO2) and Temperature (sources: rectal=oesophageal= bladder=skin.) I.",accept_direct,,,,,The preamble explicitly lists 'Temperature' as a subclass of 'Core Monitoring Parameter'.,1.0,,,
413,hierarchy,Reading,subClassOf,Observation,define pd:Reading as a subclass of ssn:ObservationValue,accept_direct,,,,,"The preamble explicitly states that 'Observation' has 'Reading' as a subclass, and also 'Reading subClassOf Observation'.",1.0,,,
414,hierarchy,Parameter,subClassOf,Observation,pd:Parameter (representing things that were recorded) as a subclass of ssn:Property,accept_direct,,,,,The preamble explicitly lists 'Parameter subClassOf Observation' as a valid hierarchy relationship from SSN/BrainIT alignment.,1.0,,,
415,hierarchy,Machine,subClassOf,Sensor,defined mms:Machine as a subclass of ssn:Platform,accept_direct,,,,,"The preamble explicitly states 'Machine subClassOf Sensor' as a valid hierarchy relationship, aligning with SSN.",1.0,,,
416,hierarchy,SaO2,subClassOf,Core Monitoring Parameter,[inferred] Chain-of-Layer: Sao2 is organized under Core Monitoring Parameter,accept_direct,,,,,The preamble explicitly lists SaO2 as a valid subclass of Core Monitoring Parameter.,1.0,,,
417,hierarchy,Cerebral Perfusion Pressure (CPP),subClassOf,Core Monitoring Parameter,[inferred] Chain-of-Layer: Cerebral Perfusion Pressure (CPP) is organized under Core Monitoring Parameter,accept_direct,,,,,The preamble explicitly lists CPP as a subclass of Core Monitoring Parameter under the 'Core Monitoring Parameter' section.,1.0,,,
418,hierarchy,CVP,subClassOf,Core Monitoring Parameter,[inferred] Chain-of-Layer: CVP is organized under Core Monitoring Parameter,accept_direct,,,,,The preamble explicitly lists CVP as a subclass of Core Monitoring Parameter.,1.0,,,
419,hierarchy,Head Injury,subClassOf,Brain Injury,[inferred] Chain-of-Layer: Head Injury is organized under Brain Injury,accept_direct,,,,,The preamble explicitly states 'Head Injury' is a valid subclass of 'Brain Injury'.,1.0,,,
420,hierarchy,Neurological Injury,subClassOf,Brain Injury,[inferred] Chain-of-Layer: Neurological Injury is organized under Brain Injury,accept_direct,,,,,The preamble explicitly states that 'Neurological Injury' is a valid subclass of 'Brain Injury'.,1.0,,,
421,hierarchy,Coma,subClassOf,Brain Injury,[inferred] Chain-of-Layer: Coma is organized under Brain Injury,accept_direct,,,,,The preamble explicitly states that Coma is a valid subclass of Brain Injury.,1.0,,,
422,hierarchy,Hypertension,subClassOf,Secondary Insult,[inferred] Chain-of-Layer: Hypertension is organized under Secondary Insult,accept_direct,,,,,The preamble explicitly lists 'Hypertension' as a valid subclass of 'Secondary Insult'.,1.0,,,
423,hierarchy,Sepsis,subClassOf,Secondary Insult,[inferred] Chain-of-Layer: Sepsis is organized under Secondary Insult,accept_direct,,,,,The preamble explicitly lists Sepsis as a valid subclass of Secondary Insult.,1.0,,,
424,hierarchy,Adrenaline,subClassOf,Therapy,[inferred] Chain-of-Layer: Adrenaline is organized under Therapy,reject,,,,,judge output unparseable; defaulted to reject,0.0,,,parse_error
425,hierarchy,Noradrenaline,subClassOf,Therapy,[inferred] Chain-of-Layer: Noradrenaline is organized under Therapy,reject,,,,,judge output unparseable; defaulted to reject,0.0,,,parse_error
426,hierarchy,Derived Parameter,subClassOf,Monitoring Data,[inferred] Derived Parameter is a subclass of Monitoring Data.,accept_direct,,,,,The preamble explicitly states that 'Derived Parameter' is a subclass of 'Monitoring Data'.,1.0,,,
427,hierarchy,Probable Error,subClassOf,Data Quality Assessment,a reading outside its acceptable range with no contextual clinical explanation,accept_direct,,,,,"The preamble explicitly lists 'Probable Error' as a subclass of 'Data Quality Assessment', making this a direct hierarchical relationship.",1.0,,,
428,hierarchy,Bedside Intervention,subClassOf,Nursing Intervention,"Line insertion/renewal, transducer calibration, x-ray",accept_direct,,,,,The preamble explicitly lists 'Bedside Intervention' as a valid subclass of 'Nursing Intervention'.,1.0,,,
429,hierarchy,Cerebral Perfusion Pressure (CPP),subClassOf,Parameter,Cerebral perfusion pressure (CPP 1/4 Blood Pressure (BP)-ICP) monitoring is a good example.,reject,,,,,judge output unparseable; defaulted to reject,0.0,,,parse_error
430,hierarchy,Brain Temperature,subClassOf,Optional Monitoring Parameter,Domain-scope scaffolding: Brain Temperature is a known subclass of Optional Monitoring Parameter in the BrainIT domain.,accept_direct,,,,,Brain Temperature is explicitly listed as a subclass of Optional Monitoring Parameter in the domain context preamble.,1.0,,,
431,hierarchy,Microdialysis,subClassOf,Optional Monitoring Parameter,Domain-scope scaffolding: Microdialysis is a known subclass of Optional Monitoring Parameter in the BrainIT domain.,accept_direct,,,,,The preamble explicitly lists Microdialysis as a valid subclass of Optional Monitoring Parameter.,1.0,,,
432,hierarchy,Evacuation of Mass Lesion,subClassOf,Surgical Procedure,Domain-scope scaffolding: Evacuation of Mass Lesion is a known subclass of Surgical Procedure in the BrainIT domain.,accept_direct,,,,,The preamble explicitly lists 'Evacuation of Mass Lesion' as a valid subclass of 'Surgical Procedure'.,1.0,,,
433,hierarchy,Adrenaline,subClassOf,Vasopressors,Schema-inferred: Adrenaline is a subclass of Vasopressors.,reject,,,,,judge output unparseable; defaulted to reject,0.0,,,parse_error
434,hierarchy,Extracranial Injury,subClassOf,Injuries,45.9% presented with an additional extracranial injury,reject,,,,,judge output unparseable; defaulted to reject,0.0,,,parse_error
435,hierarchy,Bedside Intervention,subClassOf,Nursing Intervention,[inferred] cluster completion,accept_direct,,,,,The preamble explicitly lists 'Bedside Intervention' as a valid subclass of 'Nursing Intervention'.,1.0,,,
436,hierarchy,Routine Nursing Care,subClassOf,Nursing Intervention,[inferred] cluster completion,accept_direct,,,,,The preamble explicitly lists 'Routine Nursing Care' as a valid subclass of 'Nursing Intervention'.,1.0,,,
437,hierarchy,White Blood Cell Count,subClassOf,Haematology,[inferred] cluster completion,accept_direct,,,,,"The preamble explicitly states that individual analytes such as WBC are valid subclasses of their parent panel, Haematology.",1.0,,,
438,hierarchy,Sodium,subClassOf,Biochemistry,[inferred] cluster completion,accept_direct,,,,,"Sodium is explicitly listed in the preamble as an analyte that is a valid subclass of its parent panel, Biochemistry.",1.0,,,
439,hierarchy,Haematocrit,subClassOf,Haematology,[inferred] cluster completion,accept_direct,,,,,"The preamble explicitly states that individual analytes such as Haematocrit are valid subclasses of their parent panel, Haematology.",1.0,,,
440,hierarchy,Haematology,subClassOf,Laboratory Values,[inferred] cluster completion,accept_direct,,,,,"The preamble explicitly states that 'Laboratory Values' has 'Haematology' as a sub-panel, directly confirming the subClassOf relationship.",1.0,,,
441,hierarchy,Haematocrit,subClassOf,Haematology,[inferred] cluster completion,accept_direct,,,,,"The preamble explicitly states that individual analytes such as Haematocrit are valid subclasses of their parent panel, Haematology.",1.0,,,
442,hierarchy,Haemoglobin,subClassOf,Haematology,[inferred] cluster completion,accept_direct,,,,,"The preamble explicitly states that individual analytes like Haemoglobin are valid subclasses of their parent panel, Haematology.",1.0,,,
443,hierarchy,Potassium,subClassOf,Biochemistry,[inferred] cluster completion,accept_direct,,,,,The preamble explicitly states that individual analytes (like Potassium) are valid subclasses of their parent panel (Biochemistry).,1.0,,,
444,hierarchy,Sodium,subClassOf,Biochemistry,[inferred] cluster completion,accept_direct,,,,,"Sodium is explicitly listed in the preamble as an individual analyte that is a valid subclass of its parent panel, Biochemistry.",1.0,,,
445,hierarchy,Possible Error,subClassOf,Data Quality Assessment,[inferred] cluster completion,accept_direct,,,,,The preamble explicitly states that 'Possible Error' is a valid subclass of 'Data Quality Assessment'.,1.0,,,
446,hierarchy,Laboratory Values,subClassOf,Monitoring Data,[inferred] cluster completion,reject,,,,,judge output unparseable; defaulted to reject,0.0,,,parse_error
447,hierarchy,Physiotherapy,subClassOf,Nursing Intervention,[inferred] cluster completion,accept_direct,,,,,The preamble explicitly lists 'Physiotherapy' as a valid subclass of 'Nursing Intervention'.,1.0,,,
448,hierarchy,Analgesia,subClassOf,Baseline Therapy,[inferred] cluster completion,accept_direct,,,,,The preamble explicitly lists 'Analgesia' as a valid subclass of 'Baseline Therapy'.,1.0,,,
449,hierarchy,Potassium,subClassOf,Biochemistry,[inferred] cluster completion,accept_direct,,,,,"The preamble explicitly states that individual analytes (e.g., Potassium) are valid subclasses of their parent panel (e.g., Biochemistry).",1.0,,,
450,hierarchy,SjO2,subClassOf,Core Monitoring Parameter,[inferred] cluster completion,reject,,,,,judge output unparseable; defaulted to reject,0.0,,,parse_error
451,hierarchy,Haematocrit,subClassOf,Biochemistry,[inferred] cluster completion,reject,,,,,judge output unparseable; defaulted to reject,0.0,,,parse_error
452,hierarchy,Haemoglobin,subClassOf,Biochemistry,[inferred] cluster completion,reject,,,,,judge output unparseable; defaulted to reject,0.0,,,parse_error
453,hierarchy,Sodium,subClassOf,Biochemistry,[inferred] cluster completion,accept_direct,,,,,"The preamble explicitly states that individual analytes (e.g., Sodium) are valid subclasses of their parent panel (Biochemistry).",1.0,,,
454,hierarchy,Carbon Dioxide,subClassOf,Partial Pressure of Carbon Dioxide,[inferred] cluster completion,reject,,,,,judge output unparseable; defaulted to reject,0.0,,,parse_error
